description,units,source key,2001,2002,2003,2004,2005,2006,2007,2008,2009,2010,2011,2012,2013,2014,2015,2016,2017,2018,2019,2020,2021,2022,2023,2024,2025
Average retail price of electricity,cents per kilowatthour,,,,,,,,,,,,,,,,,,,,,,,,,,
United States,cents per kilowatthour,ELEC.PRICE.US-ALL.A,,,,,,,,,,,,,,,,,,,,,,,,,
United States : all sectors,cents per kilowatthour,ELEC.PRICE.US-ALL.A,7.29,7.2,7.44,7.61,8.14,8.9,9.13,9.74,9.82,9.83,9.9,9.84,10.07,10.44,10.41,10.27,10.48,10.53,10.54,10.59,11.1,12.36,12.68,12.94,13.63
United States : residential,cents per kilowatthour,ELEC.PRICE.US-RES.A,8.58,8.44,8.72,8.95,9.45,10.4,10.65,11.26,11.51,11.54,11.72,11.88,12.13,12.52,12.65,12.55,12.89,12.87,13.01,13.15,13.66,15.04,16,16.48,17.3
United States : commercial,cents per kilowatthour,ELEC.PRICE.US-COM.A,7.92,7.89,8.03,8.17,8.67,9.46,9.65,10.26,10.16,10.19,10.24,10.09,10.26,10.74,10.64,10.43,10.66,10.67,10.68,10.59,11.22,12.41,12.59,12.75,13.41
United States : industrial,cents per kilowatthour,ELEC.PRICE.US-IND.A,5.05,4.88,5.11,5.25,5.73,6.16,6.39,6.96,6.83,6.77,6.82,6.67,6.89,7.1,6.91,6.76,6.88,6.92,6.81,6.67,7.18,8.32,8.04,8.13,8.62
United States : transportation,cents per kilowatthour,ELEC.PRICE.US-TRA.A,--,--,7.54,7.18,8.57,9.54,9.7,10.71,10.66,10.56,10.46,10.21,10.55,10.45,10.09,9.63,9.68,9.7,9.66,9.9,10.2,11.59,12.77,12.75,13.83
United States : other,cents per kilowatthour,ELEC.PRICE.US-OTH.A,7.2,6.75,--,--,--,--,--,--,--,--,--,--,--,--,--,--,--,--,--,--,--,--,--,--,--
New England,cents per kilowatthour,ELEC.PRICE.NEW-ALL.A,,,,,,,,,,,,,,,,,,,,,,,,,
New England : all sectors,cents per kilowatthour,ELEC.PRICE.NEW-ALL.A,10.86,10.03,10.42,10.61,11.95,14.51,15.08,16.06,15.65,14.89,14.49,14.02,14.47,15.45,16.52,16.13,16.58,17.63,17.76,17.73,18.03,20.47,22.81,23.03,24.66
New England : residential,cents per kilowatthour,ELEC.PRICE.NEW-RES.A,12.08,11.23,11.68,11.91,13.44,15.98,16.7,17.65,17.48,16.23,15.89,15.71,16.22,17.82,19.43,18.81,19.41,20.6,21.1,21.25,21.51,24.73,28.73,27.68,28.91
New England : commercial,cents per kilowatthour,ELEC.PRICE.NEW-COM.A,10.93,9.85,10.32,10.61,11.94,14.52,14.71,15.77,15.21,14.72,14.31,13.68,13.97,14.7,15.46,15.18,15.48,16.46,16.33,15.84,16.34,18.13,19.42,20.55,22.58
New England : industrial,cents per kilowatthour,ELEC.PRICE.NEW-IND.A,8.48,8.02,8.34,8.22,9.1,11.58,12.74,13.47,13.44,12.98,12.55,11.83,12.25,11.84,12.34,12.2,12.54,13.19,13.07,12.89,12.8,15.02,15.81,16.28,17.76
New England : transportation,cents per kilowatthour,ELEC.PRICE.NEW-TRA.A,--,--,5.53,5.48,6.08,11.9,10.87,12.02,8.19,8.43,7.85,6.68,12.15,10.38,10.07,8.19,8.28,9,9.2,8.75,8.83,11.37,13.01,12.99,13.21
New England : other,cents per kilowatthour,ELEC.PRICE.NEW-OTH.A,14.08,12.86,--,--,--,--,--,--,--,--,--,--,--,--,--,--,--,--,--,--,--,--,--,--,--
Connecticut,cents per kilowatthour,ELEC.PRICE.CT-ALL.A,,,,,,,,,,,,,,,,,,,,,,,,,
Connecticut : all sectors,cents per kilowatthour,ELEC.PRICE.CT-ALL.A,9.62,9.71,10.16,10.26,12.06,14.83,16.45,17.8,18.07,17.38,16.35,15.54,15.66,17.05,17.77,17.24,17.55,18.41,18.66,19.13,18.32,21.08,24.24,24.37,25.68
Connecticut : residential,cents per kilowatthour,ELEC.PRICE.CT-RES.A,10.9,10.96,11.31,11.63,13.64,16.86,19.11,19.54,20.33,19.25,18.11,17.34,17.55,19.75,20.94,20.01,20.29,21.2,21.87,22.71,21.91,24.61,29.88,28.75,29.38
Connecticut : commercial,cents per kilowatthour,ELEC.PRICE.CT-COM.A,9.26,9.32,9.93,9.9,11.53,14.03,15.39,17.12,16.87,16.45,15.57,14.65,14.63,15.55,15.97,15.75,16.06,16.76,16.75,16.58,16.46,18.54,19.99,21.21,23.11
Connecticut : industrial,cents per kilowatthour,ELEC.PRICE.CT-IND.A,7.62,7.68,7.99,7.89,9.4,11.71,12.92,14.93,14.99,14.51,13.24,12.67,12.61,12.92,12.95,12.81,13.1,13.77,13.44,13.07,9.63,15.07,15.69,17.12,18.35
Connecticut : transportation,cents per kilowatthour,ELEC.PRICE.CT-TRA.A,--,--,7.72,7.25,8.78,14.55,14.18,15.44,11.95,11.53,10.25,9.69,10.31,13.08,13.18,10.84,10.95,12.84,13.69,13.34,12.5,18.07,21.55,17.77,18.36
Connecticut : other,cents per kilowatthour,ELEC.PRICE.CT-OTH.A,10,10.35,--,--,--,--,--,--,--,--,--,--,--,--,--,--,--,--,--,--,--,--,--,--,--
Maine,cents per kilowatthour,ELEC.PRICE.ME-ALL.A,,,,,,,,,,,,,,,,,,,,,,,,,
Maine : all sectors,cents per kilowatthour,ELEC.PRICE.ME-ALL.A,10.55,10.35,9.79,9.69,10.57,11.8,14.59,13.8,13.12,12.84,12.58,11.81,11.86,12.65,12.78,12.8,13.02,13.44,14.04,13.54,13.96,17.44,20.84,19.66,22.81
Maine : residential,cents per kilowatthour,ELEC.PRICE.ME-RES.A,13.13,12.74,12.37,12.16,13.23,13.8,16.52,16.24,15.64,15.72,15.38,14.66,14.35,15.27,15.61,15.83,15.97,16.84,17.89,16.81,17.02,22.44,27.42,24.29,27.78
Maine : commercial,cents per kilowatthour,ELEC.PRICE.ME-COM.A,11.64,10.68,10.34,9.89,10.63,12.42,12.94,12.95,12.6,12.51,12.29,11.53,11.74,12.7,12.47,12.08,12.12,12.51,12.83,12.56,12.9,15.4,17.88,18.22,20.96
Maine : industrial,cents per kilowatthour,ELEC.PRICE.ME-IND.A,7.15,7.05,6.35,6.56,7.28,8.83,14.11,11.56,10.03,9.17,8.88,7.98,8.34,8.95,9.05,8.96,9.2,9.32,9.22,8.86,9.55,11.03,12.3,12.46,15.5
Maine : transportation,cents per kilowatthour,ELEC.PRICE.ME-TRA.A,--,--,--,--,--,--,--,--,--,--,--,--,--,--,--,--,--,--,--,--,--,--,--,--,--
Maine : other,cents per kilowatthour,ELEC.PRICE.ME-OTH.A,25.4,23.39,--,--,--,--,--,--,--,--,--,--,--,--,--,--,--,--,--,--,--,--,--,--,--
Massachusetts,cents per kilowatthour,ELEC.PRICE.MA-ALL.A,,,,,,,,,,,,,,,,,,,,,,,,,
Massachusetts : all sectors,cents per kilowatthour,ELEC.PRICE.MA-ALL.A,11.55,10.06,10.56,10.77,12.18,15.45,15.16,16.23,15.45,14.26,14.11,13.79,14.51,15.35,16.9,16.48,17.12,18.5,18.4,18.19,19.06,21.27,23.21,23.94,25.56
Massachusetts : residential,cents per kilowatthour,ELEC.PRICE.MA-RES.A,12.47,10.93,11.6,11.75,13.44,16.6,16.23,17.56,16.87,14.59,14.67,14.91,15.83,17.39,19.83,19,20.06,21.61,21.92,21.97,22.89,25.97,29.61,29.35,30.48
Massachusetts : commercial,cents per kilowatthour,ELEC.PRICE.MA-COM.A,11.64,10.02,10.48,10.99,12.42,15.54,15.2,16.07,15.37,14.53,14.33,13.84,14.23,14.68,15.79,15.6,15.93,17.17,16.8,16.03,16.99,18.67,19.62,20.9,23.08
Massachusetts : industrial,cents per kilowatthour,ELEC.PRICE.MA-IND.A,9.37,8.34,8.93,8.48,9.22,13.04,13.03,14.14,14.07,13.71,13.38,12.57,13.18,12.74,13.54,13.38,13.88,14.89,14.76,14.51,15.18,17.06,17.88,18.19,19.35
Massachusetts : transportation,cents per kilowatthour,ELEC.PRICE.MA-TRA.A,--,--,4.09,4.65,4.8,10.68,9.24,10.06,6.2,6.4,6.14,4.91,13.06,8.76,7.76,5.94,6.22,6.38,6.15,6.24,6.51,7.08,7.15,9.22,9.43
Massachusetts : other,cents per kilowatthour,ELEC.PRICE.MA-OTH.A,15.52,13.11,--,--,--,--,--,--,--,--,--,--,--,--,--,--,--,--,--,--,--,--,--,--,--
New Hampshire,cents per kilowatthour,ELEC.PRICE.NH-ALL.A,,,,,,,,,,,,,,,,,,,,,,,,,
New Hampshire : all sectors,cents per kilowatthour,ELEC.PRICE.NH-ALL.A,10.95,10.6,10.83,11.37,12.53,13.84,13.98,14.63,15.09,14.84,14.74,14.19,14.3,15.22,16.02,15.66,16.17,17.01,17.15,16.63,17.37,21.07,22.96,20.6,21.59
New Hampshire : residential,cents per kilowatthour,ELEC.PRICE.NH-RES.A,12.49,11.89,11.98,12.49,13.51,14.68,14.88,15.68,16.39,16.32,16.52,16.07,16.33,17.53,18.5,18.38,19.2,19.69,20.05,19.04,19.85,25.46,28.15,23.4,24.56
New Hampshire : commercial,cents per kilowatthour,ELEC.PRICE.NH-COM.A,10.53,10.06,10.3,10.99,12.06,14.07,13.91,14.3,14.36,14.25,14.04,13.36,13.52,14.34,14.96,14.43,14.81,15.81,15.93,15.41,16.13,18.69,20.4,19.4,20.16
New Hampshire : industrial,cents per kilowatthour,ELEC.PRICE.NH-IND.A,9.11,9.09,9.75,10.01,11.48,11.62,12.27,13.13,13.73,12.76,12.27,11.83,11.4,11.93,12.74,12.34,12.34,13.42,13.09,13.11,13.81,15.15,15.76,16.21,16.88
New Hampshire : transportation,cents per kilowatthour,ELEC.PRICE.NH-TRA.A,--,--,--,--,--,--,--,--,--,--,--,--,--,--,--,--,--,--,--,--,--,--,--,--,--
New Hampshire : other,cents per kilowatthour,ELEC.PRICE.NH-OTH.A,13.28,12.84,--,--,--,--,--,--,--,--,--,--,--,--,--,--,--,--,--,--,--,--,--,--,--
Rhode Island,cents per kilowatthour,ELEC.PRICE.RI-ALL.A,,,,,,,,,,,,,,,,,,,,,,,,,
Rhode Island : all sectors,cents per kilowatthour,ELEC.PRICE.RI-ALL.A,11.45,9.2,10.47,10.96,11.97,13.98,13.12,16.04,14.22,14.07,13.04,12.74,13.72,15.41,17.01,16.28,16.42,18.1,18.49,18.54,18.44,19.3,21.62,24.15,25.86
Rhode Island : residential,cents per kilowatthour,ELEC.PRICE.RI-RES.A,12.13,10.2,11.61,12.19,13.04,15.12,14.05,17.45,15.6,15.92,14.33,14.4,15.2,17.17,19.29,18.62,18.32,20.55,21.73,22.01,22.3,23.21,27.02,28.65,29.46
Rhode Island : commercial,cents per kilowatthour,ELEC.PRICE.RI-COM.A,11.54,8.65,10.09,10.53,11.71,13.51,12.67,15.4,13.66,13.1,12.37,11.87,12.92,14.56,15.78,14.88,15.2,16.58,16.38,15.94,15.51,16.23,17.68,21.09,23.46
Rhode Island : industrial,cents per kilowatthour,ELEC.PRICE.RI-IND.A,9.36,7.96,8.88,9.37,10.01,12.51,12.04,14.23,12.22,11.83,11.27,10.68,11.82,12.86,13.76,13.48,14.57,15.39,15.59,15.76,16.06,17.96,18.98,19.7,21.74
Rhode Island : transportation,cents per kilowatthour,ELEC.PRICE.RI-TRA.A,--,--,--,--,--,--,--,--,--,13.73,14.11,8.28,13.03,14.89,18.54,18.71,17.08,17.01,18.49,22.23,19.75,17.52,17.29,21.53,23.3
Rhode Island : other,cents per kilowatthour,ELEC.PRICE.RI-OTH.A,22.86,16.46,--,--,--,--,--,--,--,--,--,--,--,--,--,--,--,--,--,--,--,--,--,--,--
Vermont,cents per kilowatthour,ELEC.PRICE.VT-ALL.A,,,,,,,,,,,,,,,,,,,,,,,,,
Vermont : all sectors,cents per kilowatthour,ELEC.PRICE.VT-ALL.A,10.86,10.87,10.98,11.02,10.95,11.37,12.04,12.33,12.75,13.24,13.8,14.22,14.61,14.57,14.41,14.46,14.6,15.13,15.36,16.33,16.34,16.99,17.53,18.41,19.39
Vermont : residential,cents per kilowatthour,ELEC.PRICE.VT-RES.A,12.67,12.78,12.82,12.94,12.96,13.39,14.15,14.48,14.9,15.57,16.26,17.01,17.14,17.47,17.09,17.37,17.68,18.02,17.71,19.54,19.26,19.93,20.82,21.9,22.92
Vermont : commercial,cents per kilowatthour,ELEC.PRICE.VT-COM.A,11.28,11.1,11.29,11.42,11.33,11.67,12.29,12.49,12.93,13.44,14,14.32,14.66,14.56,14.54,14.54,14.61,15.24,15.98,16.39,16.59,17.29,18,18.89,19.92
Vermont : industrial,cents per kilowatthour,ELEC.PRICE.VT-IND.A,7.89,7.9,8.05,7.96,7.77,8.33,8.92,9.19,9.21,9.53,9.83,9.98,10.84,10.23,10.27,10.23,10.21,10.66,11.05,11.2,11.38,11.88,11.27,11.58,12.39
Vermont : transportation,cents per kilowatthour,ELEC.PRICE.VT-TRA.A,--,--,--,--,--,--,--,--,--,--,--,--,--,--,--,--,--,--,--,--,--,--,--,--,--
Vermont : other,cents per kilowatthour,ELEC.PRICE.VT-OTH.A,18.85,19.26,--,--,--,--,--,--,--,--,--,--,--,--,--,--,--,--,--,--,--,--,--,--,--
Middle Atlantic,cents per kilowatthour,ELEC.PRICE.MAT-ALL.A,,,,,,,,,,,,,,,,,,,,,,,,,
Middle Atlantic : all sectors,cents per kilowatthour,ELEC.PRICE.MAT-ALL.A,9.74,9.58,10.09,10.29,11.07,11.92,12.31,13.17,12.92,13.6,13.37,12.75,12.85,13.41,13,12.56,12.63,12.63,12.35,12.56,13.22,15.02,15.4,16.11,18.07
Middle Atlantic : residential,cents per kilowatthour,ELEC.PRICE.MAT-RES.A,11.46,11.33,11.62,11.81,12.49,13.36,13.95,14.88,14.84,15.81,15.8,15.27,15.7,16.39,15.97,15.68,15.99,15.97,15.8,15.93,16.48,18.43,19.6,20.63,22.7
Middle Atlantic : commercial,cents per kilowatthour,ELEC.PRICE.MAT-COM.A,10.64,10.3,10.79,10.98,11.79,12.7,13.22,13.99,13.37,13.93,13.65,12.97,13.06,13.65,13.13,12.48,12.57,12.43,12.21,12.47,13.37,15.17,15.32,15.69,17.65
Middle Atlantic : industrial,cents per kilowatthour,ELEC.PRICE.MAT-IND.A,6.08,5.89,6.49,6.62,7.29,7.77,7.78,8.3,8.04,8.4,8.17,7.49,7.27,7.61,7.32,7.03,6.9,6.96,6.57,6.38,6.87,8.42,7.91,8.52,9.8
Middle Atlantic : transportation,cents per kilowatthour,ELEC.PRICE.MAT-TRA.A,--,--,8.94,8.02,10.21,10.84,10.35,11.61,11.97,12.33,12.32,12.5,12.23,12.28,11.72,10.88,11.27,11.13,11.17,11.42,11.63,12.82,14.65,13.67,15.3
Middle Atlantic : other,cents per kilowatthour,ELEC.PRICE.MAT-OTH.A,9.08,9.15,--,--,--,--,--,--,--,--,--,--,--,--,--,--,--,--,--,--,--,--,--,--,--
New Jersey,cents per kilowatthour,ELEC.PRICE.NJ-ALL.A,,,,,,,,,,,,,,,,,,,,,,,,,
New Jersey : all sectors,cents per kilowatthour,ELEC.PRICE.NJ-ALL.A,9.36,9.3,9.48,10.29,10.89,11.88,13.01,14.43,14.53,14.68,14.3,13.68,13.69,13.95,13.74,13.38,13.32,13.23,13.42,13.63,14.01,14.8,15.27,16.29,18.84
New Jersey : residential,cents per kilowatthour,ELEC.PRICE.NJ-RES.A,10.21,10.38,10.67,11.23,11.74,12.84,14.14,15.66,16.31,16.57,16.23,15.78,15.73,15.78,15.81,15.72,15.65,15.41,15.85,16.03,16.35,16.74,17.7,19.34,22.63
New Jersey : commercial,cents per kilowatthour,ELEC.PRICE.NJ-COM.A,9.09,8.9,9.11,9.96,10.61,11.62,12.99,14.03,13.84,13.89,13.47,12.78,12.77,13.15,12.79,12.26,12.28,12.21,12.23,12.35,12.69,13.75,14,14.64,16.63
New Jersey : industrial,cents per kilowatthour,ELEC.PRICE.NJ-IND.A,8.33,7.72,7.99,9.03,9.76,10.42,10.08,12.54,11.89,11.81,11.43,10.52,10.8,11.38,10.64,10.16,10.12,10.07,10.16,10.01,10.7,12.12,11.68,11.93,13.9
New Jersey : transportation,cents per kilowatthour,ELEC.PRICE.NJ-TRA.A,--,--,7.15,10.94,7.65,9.7,11.14,13.23,12.5,11.73,10.69,9.77,10.6,10.43,10.25,8.68,8.81,9.07,8.8,9.19,9.24,12.9,12.22,11.11,11.92
New Jersey : other,cents per kilowatthour,ELEC.PRICE.NJ-OTH.A,11.21,14.81,--,--,--,--,--,--,--,--,--,--,--,--,--,--,--,--,--,--,--,--,--,--,--
New York,cents per kilowatthour,ELEC.PRICE.NY-ALL.A,,,,,,,,,,,,,,,,,,,,,,,,,
New York : all sectors,cents per kilowatthour,ELEC.PRICE.NY-ALL.A,11.55,11.16,12.44,12.55,13.95,15.27,15.22,16.47,15.44,16.41,15.89,15.15,15.44,16.25,15.28,14.47,14.74,14.83,14.34,14.87,16.11,18.33,18.28,19.66,21.62
New York : residential,cents per kilowatthour,ELEC.PRICE.NY-RES.A,14.04,13.55,14.31,14.54,15.72,16.89,17.1,18.31,17.5,18.74,18.26,17.62,18.79,20.07,18.54,17.58,18.03,18.52,17.94,18.36,19.48,22.08,22.24,24.43,26.39
New York : commercial,cents per kilowatthour,ELEC.PRICE.NY-COM.A,12.87,12.33,12.93,12.98,14.36,15.51,15.92,16.79,15.48,16.31,15.81,15.06,15.35,16.12,15.31,14.45,14.75,14.5,14.06,14.56,16.07,18.19,18.01,18.77,21.07
New York : industrial,cents per kilowatthour,ELEC.PRICE.NY-IND.A,5.56,5.18,7.14,7.04,8.23,9.39,8.71,9.39,8.37,8.79,7.83,6.7,6.58,6.58,6.31,6.03,5.92,6.02,5.61,5.54,6.34,7.55,6.87,9.17,9.55
New York : transportation,cents per kilowatthour,ELEC.PRICE.NY-TRA.A,--,--,9.38,7.92,11.39,11.94,10.96,12.64,13.13,13.74,13.45,14.2,13.65,13.82,12.95,12.05,12.67,12.14,12.28,12.14,12.67,13.84,15.7,14.7,16.87
New York : other,cents per kilowatthour,ELEC.PRICE.NY-OTH.A,8.77,8.68,--,--,--,--,--,--,--,--,--,--,--,--,--,--,--,--,--,--,--,--,--,--,--
Pennsylvania,cents per kilowatthour,ELEC.PRICE.PA-ALL.A,,,,,,,,,,,,,,,,,,,,,,,,,
Pennsylvania : all sectors,cents per kilowatthour,ELEC.PRICE.PA-ALL.A,8.01,8.06,8.02,8,8.27,8.68,9.08,9.33,9.6,10.31,10.45,9.91,9.81,10.28,10.31,10.19,10.13,10.1,9.81,9.7,9.97,11.86,12.57,12.51,14.11
Pennsylvania : residential,cents per kilowatthour,ELEC.PRICE.PA-RES.A,9.68,9.74,9.59,9.58,9.86,10.35,10.95,11.35,11.65,12.7,13.26,12.75,12.79,13.32,13.64,13.86,14.23,13.89,13.8,13.58,13.76,15.94,18.1,17.77,19.3
Pennsylvania : commercial,cents per kilowatthour,ELEC.PRICE.PA-COM.A,8.62,8.5,8.62,8.51,8.5,8.94,9.2,9.39,9.55,10.1,10.03,9.44,9.25,9.73,9.6,9.22,8.98,8.94,8.71,8.5,8.91,10.73,11.26,11.03,12.44
Pennsylvania : industrial,cents per kilowatthour,ELEC.PRICE.PA-IND.A,5.76,5.83,5.8,5.87,6.29,6.63,6.87,7.03,7.21,7.66,7.73,7.23,6.97,7.41,7.2,6.92,6.77,6.84,6.41,6.16,6.54,8.21,7.75,7.87,9.36
Pennsylvania : transportation,cents per kilowatthour,ELEC.PRICE.PA-TRA.A,--,--,7.78,7.32,7.22,7.45,7.72,7.57,7.77,7.91,8.93,8.07,7.81,7.65,7.82,7.64,7.16,7.78,7.26,8.58,6.84,7.81,10.21,9.96,9.32
Pennsylvania : other,cents per kilowatthour,ELEC.PRICE.PA-OTH.A,11.46,11.59,--,--,--,--,--,--,--,--,--,--,--,--,--,--,--,--,--,--,--,--,--,--,--
East North Central,cents per kilowatthour,ELEC.PRICE.ENC-ALL.A,,,,,,,,,,,,,,,,,,,,,,,,,
East North Central : all sectors,cents per kilowatthour,ELEC.PRICE.ENC-ALL.A,6.46,6.56,6.53,6.64,6.91,7.45,7.97,8.53,8.91,9.08,9.22,9.27,9.4,9.85,9.89,9.94,10.12,10.17,10.13,10.28,10.69,11.77,11.98,12.22,13.28
East North Central : residential,cents per kilowatthour,ELEC.PRICE.ENC-RES.A,8.13,8.05,8.15,8.28,8.41,9.14,9.74,10.39,10.92,11.41,11.79,12.05,12.14,12.65,12.96,13.06,13.36,13.25,13.39,13.56,14.07,15.36,16.19,16.48,17.7
East North Central : commercial,cents per kilowatthour,ELEC.PRICE.ENC-COM.A,7.23,7.33,7.22,7.4,7.65,8.15,8.49,9.04,9.21,9.36,9.49,9.46,9.58,10.02,9.95,9.96,10.16,10.19,10.2,10.27,10.66,11.61,11.94,12.13,13.01
East North Central : industrial,cents per kilowatthour,ELEC.PRICE.ENC-IND.A,4.46,4.63,4.63,4.68,4.91,5.36,5.9,6.39,6.61,6.53,6.53,6.51,6.65,7.07,6.97,6.92,7.08,7.1,6.91,6.78,7.22,8.24,7.94,8.08,9.03
East North Central : transportation,cents per kilowatthour,ELEC.PRICE.ENC-TRA.A,--,--,5.97,6.14,6.05,6.08,6.84,7.86,8.61,6.94,6.92,6.33,5.61,7.1,7.01,6.91,6.65,6.96,7.08,6.75,6.67,7.51,7.08,7.99,9.15
East North Central : other,cents per kilowatthour,ELEC.PRICE.ENC-OTH.A,6.64,6.27,--,--,--,--,--,--,--,--,--,--,--,--,--,--,--,--,--,--,--,--,--,--,--
Illinois,cents per kilowatthour,ELEC.PRICE.IL-ALL.A,,,,,,,,,,,,,,,,,,,,,,,,,
Illinois : all sectors,cents per kilowatthour,ELEC.PRICE.IL-ALL.A,6.9,6.94,6.86,6.8,6.95,7.07,8.46,9.23,9.15,9.13,8.97,8.4,8.26,9.36,9.4,9.38,9.49,9.6,9.56,9.75,10.14,11.94,11.75,12.21,13.74
Illinois : residential,cents per kilowatthour,ELEC.PRICE.IL-RES.A,8.71,8.39,8.38,8.37,8.34,8.42,10.12,11.07,11.27,11.52,11.78,11.37,10.63,11.91,12.5,12.54,12.95,12.77,13.03,13.04,13.18,15.65,15.71,15.87,17.69
Illinois : commercial,cents per kilowatthour,ELEC.PRICE.IL-COM.A,7.4,7.52,7.3,7.54,7.75,7.95,8.57,9.25,9.04,8.88,8.64,7.99,8.14,9.26,9.02,9.02,9.09,9.12,9.08,9.15,9.65,11.32,11.24,11.81,13.07
Illinois : industrial,cents per kilowatthour,ELEC.PRICE.IL-IND.A,4.65,4.89,4.86,4.65,4.61,4.69,6.61,7.34,7.01,6.82,6.42,5.8,5.94,6.85,6.67,6.51,6.47,6.8,6.52,6.7,7.3,8.57,8.2,8.83,10.14
Illinois : transportation,cents per kilowatthour,ELEC.PRICE.IL-TRA.A,--,--,5.87,5.7,5.61,5.59,6.43,7.53,8.39,6.72,6.81,6.15,5.34,6.85,6.81,6.67,6.35,6.75,6.91,6.56,6.42,7.21,6.9,7.76,8.85
Illinois : other,cents per kilowatthour,ELEC.PRICE.IL-OTH.A,6.37,5.88,--,--,--,--,--,--,--,--,--,--,--,--,--,--,--,--,--,--,--,--,--,--,--
Indiana,cents per kilowatthour,ELEC.PRICE.IN-ALL.A,,,,,,,,,,,,,,,,,,,,,,,,,
Indiana : all sectors,cents per kilowatthour,ELEC.PRICE.IN-ALL.A,5.3,5.34,5.37,5.58,5.88,6.46,6.5,7.09,7.62,7.67,8.01,8.29,8.73,9.06,8.99,9.22,9.77,9.75,9.91,9.92,10.36,11.66,11.49,11.38,12.57
Indiana : residential,cents per kilowatthour,ELEC.PRICE.IN-RES.A,6.92,6.91,7.04,7.3,7.5,8.22,8.26,8.87,9.5,9.56,10.06,10.53,10.99,11.46,11.57,11.79,12.29,12.26,12.58,12.83,13.37,14.59,14.94,14.77,16.23
Indiana : commercial,cents per kilowatthour,ELEC.PRICE.IN-COM.A,5.29,5.98,6.12,6.31,6.57,7.21,7.29,7.82,8.32,8.38,8.77,9.14,9.6,9.96,9.78,10.01,10.54,10.6,11.03,11.21,11.58,12.86,12.55,12.44,13.88
Indiana : industrial,cents per kilowatthour,ELEC.PRICE.IN-IND.A,4.11,3.95,3.92,4.13,4.42,4.95,4.89,5.46,5.81,5.87,6.17,6.34,6.7,6.97,6.86,6.97,7.54,7.38,7.36,6.98,7.39,8.65,8.24,8.15,8.89
Indiana : transportation,cents per kilowatthour,ELEC.PRICE.IN-TRA.A,--,--,8.36,8.76,9.14,9.66,10.09,9.6,9.65,9.21,9.74,9.56,9.87,10.2,9.92,9.82,11.23,10.44,10.76,10.21,10.05,13.03,12.73,12.31,13.76
Indiana : other,cents per kilowatthour,ELEC.PRICE.IN-OTH.A,9.06,9.75,--,--,--,--,--,--,--,--,--,--,--,--,--,--,--,--,--,--,--,--,--,--,--
Michigan,cents per kilowatthour,ELEC.PRICE.MI-ALL.A,,,,,,,,,,,,,,,,,,,,,,,,,
Michigan : all sectors,cents per kilowatthour,ELEC.PRICE.MI-ALL.A,6.97,7.09,6.85,6.94,7.23,8.14,8.53,8.93,9.4,9.88,10.4,10.98,11.21,11.03,10.76,11.05,11.28,11.4,11.56,12.21,12.93,13.2,13.68,14.16,14.73
Michigan : residential,cents per kilowatthour,ELEC.PRICE.MI-RES.A,8.26,8.28,8.35,8.33,8.4,9.77,10.21,10.75,11.6,12.46,13.27,14.13,14.59,14.46,14.42,15.22,15.4,15.45,15.74,16.26,17.54,17.86,18.84,19.3,20.01
Michigan : commercial,cents per kilowatthour,ELEC.PRICE.MI-COM.A,7.54,7.79,7.55,7.57,7.84,8.51,8.77,9.17,9.24,9.81,10.33,10.93,11.06,10.87,10.55,10.64,11,11.15,11.39,11.71,12.31,12.55,13.4,14.01,14.48
Michigan : industrial,cents per kilowatthour,ELEC.PRICE.MI-IND.A,5.08,5.02,4.96,4.92,5.32,6.05,6.47,6.73,6.98,7.08,7.32,7.62,7.72,7.68,7.02,6.91,7.19,7.1,7.07,7.24,7.69,8.33,8.16,8.26,8.59
Michigan : transportation,cents per kilowatthour,ELEC.PRICE.MI-TRA.A,--,--,8.21,7.89,13.07,10.06,9.76,11.83,10.79,10.65,8.53,8.08,8.77,9.43,11.44,11.63,11.99,10.76,10.56,11.39,12.3,12.35,13.67,14.09,13.67
Michigan : other,cents per kilowatthour,ELEC.PRICE.MI-OTH.A,10.38,10.43,--,--,--,--,--,--,--,--,--,--,--,--,--,--,--,--,--,--,--,--,--,--,--
Ohio,cents per kilowatthour,ELEC.PRICE.OH-ALL.A,,,,,,,,,,,,,,,,,,,,,,,,,
Ohio : all sectors,cents per kilowatthour,ELEC.PRICE.OH-ALL.A,6.62,6.77,6.73,6.89,7.08,7.71,7.91,8.39,9.02,9.14,9.03,9.12,9.2,9.73,9.98,9.84,9.84,9.94,9.58,9.44,9.76,10.64,11.04,11.29,12.43
Ohio : residential,cents per kilowatthour,ELEC.PRICE.OH-RES.A,8.37,8.24,8.26,8.45,8.51,9.34,9.57,10.06,10.67,11.31,11.42,11.76,12.01,12.5,12.8,12.47,12.63,12.56,12.38,12.29,12.77,13.85,15.38,15.99,16.96
Ohio : commercial,cents per kilowatthour,ELEC.PRICE.OH-COM.A,8.46,7.81,7.55,7.75,7.93,8.44,8.67,9.23,9.65,9.73,9.63,9.47,9.35,9.83,10.07,9.97,10.05,10.11,9.72,9.53,9.75,10.39,10.75,10.66,11.6
Ohio : industrial,cents per kilowatthour,ELEC.PRICE.OH-IND.A,4.27,4.87,4.79,4.89,5.1,5.61,5.76,6.2,6.72,6.4,6.12,6.24,6.22,6.77,7.02,6.98,6.92,7.01,6.55,6.16,6.55,7.45,7.03,7.1,8.52
Ohio : transportation,cents per kilowatthour,ELEC.PRICE.OH-TRA.A,--,--,6.17,9.21,9.03,10.13,9.98,10.68,10.73,8.62,6.64,6.98,6.62,8.78,7.69,7.93,7.5,7.33,6.83,6.71,7.41,8.54,5.91,7.32,9.74
Ohio : other,cents per kilowatthour,ELEC.PRICE.OH-OTH.A,5.86,5.42,--,--,--,--,--,--,--,--,--,--,--,--,--,--,--,--,--,--,--,--,--,--,--
Wisconsin,cents per kilowatthour,ELEC.PRICE.WI-ALL.A,,,,,,,,,,,,,,,,,,,,,,,,,
Wisconsin : all sectors,cents per kilowatthour,ELEC.PRICE.WI-ALL.A,6.08,6.28,6.64,6.88,7.48,8.13,8.48,9,9.38,9.78,10.21,10.28,10.51,10.57,10.73,10.67,10.76,10.58,10.66,10.82,11.01,11.95,12.72,12.72,13.35
Wisconsin : residential,cents per kilowatthour,ELEC.PRICE.WI-RES.A,7.9,8.18,8.67,9.07,9.66,10.51,10.87,11.51,11.94,12.65,13.02,13.19,13.55,13.67,14.11,14.07,14.35,14.02,14.18,14.32,14.52,15.62,16.88,17.18,18.16
Wisconsin : commercial,cents per kilowatthour,ELEC.PRICE.WI-COM.A,6.34,6.54,6.97,7.24,7.67,8.37,8.71,9.28,9.57,9.98,10.42,10.51,10.74,10.77,10.89,10.77,10.87,10.67,10.72,10.75,10.95,11.85,12.76,12.63,13.06
Wisconsin : industrial,cents per kilowatthour,ELEC.PRICE.WI-IND.A,4.36,4.43,4.71,4.93,5.39,5.85,6.16,6.51,6.73,6.85,7.33,7.34,7.4,7.52,7.58,7.49,7.49,7.33,7.31,7.29,7.63,8.49,8.68,8.54,8.92
Wisconsin : transportation,cents per kilowatthour,ELEC.PRICE.WI-TRA.A,--,--,--,--,--,--,--,--,--,--,--,--,--,--,14.66,14.68,14.31,13.85,13.85,14.64,15.12,16.55,17.21,18.36,17.88
Wisconsin : other,cents per kilowatthour,ELEC.PRICE.WI-OTH.A,7.7,8.08,--,--,--,--,--,--,--,--,--,--,--,--,--,--,--,--,--,--,--,--,--,--,--
West North Central,cents per kilowatthour,ELEC.PRICE.WNC-ALL.A,,,,,,,,,,,,,,,,,,,,,,,,,
West North Central : all sectors,cents per kilowatthour,ELEC.PRICE.WNC-ALL.A,5.99,5.96,6.03,6.17,6.37,6.65,6.83,7.13,7.57,7.93,8.26,8.54,8.98,9.12,9.29,9.59,9.77,9.81,9.69,9.69,9.9,10.38,10.44,10.52,10.91
West North Central : residential,cents per kilowatthour,ELEC.PRICE.WNC-RES.A,7.37,7.37,7.42,7.57,7.78,8.12,8.31,8.67,9.14,9.64,10.12,10.59,10.94,11.09,11.47,11.79,12.13,12,11.86,11.96,12.19,12.63,13.02,13.47,13.95
West North Central : commercial,cents per kilowatthour,ELEC.PRICE.WNC-COM.A,6.05,6.01,6.02,6.16,6.33,6.62,6.79,7.13,7.43,7.87,8.23,8.48,8.98,9.25,9.27,9.54,9.81,9.79,9.66,9.65,9.97,10.44,10.32,10.25,10.56
West North Central : industrial,cents per kilowatthour,ELEC.PRICE.WNC-IND.A,4.28,4.19,4.34,4.51,4.71,4.94,5.08,5.32,5.72,5.86,6.08,6.28,6.67,6.73,6.88,7.12,7.17,7.28,7.27,7.11,7.35,7.82,7.77,7.72,8.02
West North Central : transportation,cents per kilowatthour,ELEC.PRICE.WNC-TRA.A,--,--,--,5.87,5.58,6.91,7.25,6.67,6.79,6.95,7.52,7.72,8.73,8.84,8.98,9.24,9.01,9.07,8.72,8.62,9.36,10.44,10.89,10.98,11.73
West North Central : other,cents per kilowatthour,ELEC.PRICE.WNC-OTH.A,6.03,5.72,--,--,--,--,--,--,--,--,--,--,--,--,--,--,--,--,--,--,--,--,--,--,--
Iowa,cents per kilowatthour,ELEC.PRICE.IA-ALL.A,,,,,,,,,,,,,,,,,,,,,,,,,
Iowa : all sectors,cents per kilowatthour,ELEC.PRICE.IA-ALL.A,6.14,6.01,6.11,6.4,6.69,7.01,6.83,6.89,7.37,7.66,7.56,7.71,8.07,8.15,8.35,8.55,8.73,8.92,9.08,8.97,9.13,9.57,9.42,9.34,9.76
Iowa : residential,cents per kilowatthour,ELEC.PRICE.IA-RES.A,8.41,8.35,8.57,8.96,9.27,9.63,9.45,9.49,9.99,10.42,10.46,10.82,11.04,11.16,11.63,11.94,12.34,12.24,12.46,12.46,12.73,13.15,13.31,13.4,13.72
Iowa : commercial,cents per kilowatthour,ELEC.PRICE.IA-COM.A,6.69,6.56,6.24,6.75,6.95,7.29,7.11,7.18,7.55,7.91,7.85,8.01,8.44,8.67,8.92,9.17,9.46,9.68,9.99,9.96,10.17,10.55,10.33,10.22,11.05
Iowa : industrial,cents per kilowatthour,ELEC.PRICE.IA-IND.A,4.18,4.06,4.16,4.33,4.56,4.92,4.74,4.81,5.27,5.36,5.21,5.3,5.62,5.71,5.9,6.05,6.21,6.45,6.6,6.43,6.63,7.06,6.91,6.8,7.2
Iowa : transportation,cents per kilowatthour,ELEC.PRICE.IA-TRA.A,--,--,--,--,--,7.05,--,--,--,--,--,--,--,--,--,--,--,--,--,--,--,--,--,--,--
Iowa : other,cents per kilowatthour,ELEC.PRICE.IA-OTH.A,5.67,4.92,--,--,--,--,--,--,--,--,--,--,--,--,--,--,--,--,--,--,--,--,--,--,--
Kansas,cents per kilowatthour,ELEC.PRICE.KS-ALL.A,,,,,,,,,,,,,,,,,,,,,,,,,
Kansas : all sectors,cents per kilowatthour,ELEC.PRICE.KS-ALL.A,6.24,6.31,6.35,6.37,6.55,6.89,6.84,7.45,7.98,8.35,8.89,9.33,9.72,10.16,10.14,10.49,10.6,10.72,10.26,10.38,10.47,11.47,10.8,11.21,11.52
Kansas : residential,cents per kilowatthour,ELEC.PRICE.KS-RES.A,7.66,7.67,7.71,7.74,7.9,8.25,8.19,8.89,9.53,10.03,10.65,11.24,11.64,12.17,12.34,13.06,13.31,13.35,12.71,12.85,12.98,13.99,13.38,14.15,14.56
Kansas : commercial,cents per kilowatthour,ELEC.PRICE.KS-COM.A,6.2,6.28,6.42,6.45,6.6,6.96,6.83,7.44,7.87,8.25,8.78,9.24,9.68,10.13,10.1,10.47,10.59,10.66,10.29,10.4,10.52,11.51,10.85,11.19,11.35
Kansas : industrial,cents per kilowatthour,ELEC.PRICE.KS-IND.A,4.55,4.53,4.61,4.69,4.85,5.2,5.13,5.69,6.1,6.23,6.71,7.09,7.39,7.8,7.61,7.49,7.54,7.6,7.35,7.3,7.38,8.3,7.64,7.73,8.03
Kansas : transportation,cents per kilowatthour,ELEC.PRICE.KS-TRA.A,--,--,--,--,--,--,--,--,--,--,--,--,--,--,--,--,--,--,--,--,--,--,--,--,--
Kansas : other,cents per kilowatthour,ELEC.PRICE.KS-OTH.A,8.91,9.3,--,--,--,--,--,--,--,--,--,--,--,--,--,--,--,--,--,--,--,--,--,--,--
Minnesota,cents per kilowatthour,ELEC.PRICE.MN-ALL.A,,,,,,,,,,,,,,,,,,,,,,,,,
Minnesota : all sectors,cents per kilowatthour,ELEC.PRICE.MN-ALL.A,5.97,5.8,6.01,6.24,6.61,6.98,7.44,7.79,8.14,8.41,8.65,8.86,9.41,9.52,9.53,9.99,10.27,10.37,10.33,10.57,11.08,12.04,12.21,12.35,12.67
Minnesota : residential,cents per kilowatthour,ELEC.PRICE.MN-RES.A,7.61,7.49,7.65,7.92,8.28,8.7,9.18,9.74,10.04,10.59,10.96,11.35,11.81,12.01,12.12,12.67,13.04,13.14,13.04,13.17,13.5,14.25,14.73,15.45,15.82
Minnesota : commercial,cents per kilowatthour,ELEC.PRICE.MN-COM.A,6.03,5.88,6.12,6.31,6.59,7.02,7.48,7.88,7.92,8.38,8.63,8.84,9.42,9.85,9.44,9.86,10.48,10.38,10.34,10.43,11.22,12.3,12.39,12.15,12.27
Minnesota : industrial,cents per kilowatthour,ELEC.PRICE.MN-IND.A,4.34,4.07,4.36,4.63,5.02,5.29,5.69,5.87,6.26,6.29,6.47,6.54,6.98,6.72,7.02,7.37,7.37,7.52,7.53,7.67,8.29,9.25,9.2,9.15,9.32
Minnesota : transportation,cents per kilowatthour,ELEC.PRICE.MN-TRA.A,--,--,--,6.75,6.21,7.95,8.27,8.04,7.73,7.77,8.23,8.67,9.79,9.79,9.5,10.06,9.56,9.58,9.49,9.4,10.38,12.29,12.35,12.71,12.65
Minnesota : other,cents per kilowatthour,ELEC.PRICE.MN-OTH.A,7.43,7.36,--,--,--,--,--,--,--,--,--,--,--,--,--,--,--,--,--,--,--,--,--,--,--
Missouri,cents per kilowatthour,ELEC.PRICE.MO-ALL.A,,,,,,,,,,,,,,,,,,,,,,,,,
Missouri : all sectors,cents per kilowatthour,ELEC.PRICE.MO-ALL.A,6.03,6.09,6.02,6.07,6.13,6.3,6.56,6.84,7.35,7.78,8.32,8.53,9.04,9.11,9.44,9.74,10.03,9.93,9.68,9.64,9.85,10.26,10.87,11.06,11.57
Missouri : residential,cents per kilowatthour,ELEC.PRICE.MO-RES.A,7,7.06,6.96,6.97,7.08,7.44,7.69,8,8.54,9.08,9.75,10.17,10.6,10.64,11.21,11.21,11.63,11.34,11.14,11.22,11.41,11.74,12.58,12.91,13.49
Missouri : commercial,cents per kilowatthour,ELEC.PRICE.MO-COM.A,5.89,5.88,5.78,5.8,5.92,6.08,6.34,6.61,6.96,7.5,8.04,8.2,8.8,8.9,9.16,9.26,9.47,9.4,9.07,8.93,9.17,9.55,10.14,10.26,10.63
Missouri : industrial,cents per kilowatthour,ELEC.PRICE.MO-IND.A,4.39,4.42,4.49,4.62,4.54,4.58,4.76,4.92,5.42,5.5,5.85,5.89,6.29,6.36,6.44,7.12,7.33,7.22,7.11,6.84,7.11,7.67,7.9,7.87,8.38
Missouri : transportation,cents per kilowatthour,ELEC.PRICE.MO-TRA.A,--,--,--,4.91,4.77,5.75,6.16,5.4,5.83,6.14,6.9,6.97,7.81,7.81,8.36,8.31,8.42,8.52,7.89,7.84,8.23,8.97,9.77,9.94,11.22
Missouri : other,cents per kilowatthour,ELEC.PRICE.MO-OTH.A,6.08,6.2,--,--,--,--,--,--,--,--,--,--,--,--,--,--,--,--,--,--,--,--,--,--,--
Nebraska,cents per kilowatthour,ELEC.PRICE.NE-ALL.A,,,,,,,,,,,,,,,,,,,,,,,,,
Nebraska : all sectors,cents per kilowatthour,ELEC.PRICE.NE-ALL.A,5.39,5.55,5.64,5.7,5.87,6.07,6.28,6.58,7.21,7.52,7.88,8.37,8.74,8.84,8.91,9.05,9.08,9.02,9.08,8.97,8.84,8.83,9.14,9.07,9.55
Nebraska : residential,cents per kilowatthour,ELEC.PRICE.NE-RES.A,6.5,6.73,6.87,6.96,7.14,7.41,7.59,7.87,8.52,8.94,9.32,10.04,10.31,10.4,10.6,10.84,10.97,10.7,10.77,10.8,10.75,10.79,11.2,11.53,12.34
Nebraska : commercial,cents per kilowatthour,ELEC.PRICE.NE-COM.A,5.48,5.62,5.81,5.84,5.98,6.19,6.39,6.68,7.33,7.63,7.99,8.38,8.6,8.73,8.67,8.8,8.85,8.83,8.85,8.89,8.81,8.82,8.76,8.39,8.79
Nebraska : industrial,cents per kilowatthour,ELEC.PRICE.NE-IND.A,3.76,3.89,4.18,4.28,4.43,4.56,4.78,5.16,5.75,6,6.43,7.01,7.44,7.47,7.59,7.69,7.66,7.6,7.65,7.38,7.26,7.21,7.63,7.66,8
Nebraska : transportation,cents per kilowatthour,ELEC.PRICE.NE-TRA.A,--,--,--,--,--,--,--,--,--,--,--,--,--,--,--,--,--,--,--,--,--,--,--,--,--
Nebraska : other,cents per kilowatthour,ELEC.PRICE.NE-OTH.A,6.51,6.37,--,--,--,--,--,--,--,--,--,--,--,--,--,--,--,--,--,--,--,--,--,--,--
North Dakota,cents per kilowatthour,ELEC.PRICE.ND-ALL.A,,,,,,,,,,,,,,,,,,,,,,,,,
North Dakota : all sectors,cents per kilowatthour,ELEC.PRICE.ND-ALL.A,5.48,5.45,5.47,5.69,5.92,6.21,6.42,6.69,6.63,7.11,7.5,7.83,8.2,8.41,8.75,8.94,8.78,8.91,8.85,8.53,8.65,8.42,8.03,7.93,8.2
North Dakota : residential,cents per kilowatthour,ELEC.PRICE.ND-RES.A,6.47,6.39,6.49,6.79,6.99,7.14,7.3,7.51,7.58,8.13,8.58,9.06,9.12,9.15,9.62,10.16,10.29,10.25,10.3,10.44,10.85,10.92,11.01,11.51,11.81
North Dakota : commercial,cents per kilowatthour,ELEC.PRICE.ND-COM.A,5.99,5.85,5.64,5.86,6.11,6.3,6.58,6.81,6.81,7.21,7.61,8.02,8.39,8.79,8.83,9.15,9.19,9.1,9.01,9.02,9.17,8.45,7.38,7.19,7.4
North Dakota : industrial,cents per kilowatthour,ELEC.PRICE.ND-IND.A,3.98,3.98,3.96,4.13,4.32,5,5.24,5.59,5.25,5.81,6.24,6.55,7.13,7.62,8.07,7.98,7.63,7.98,7.94,7.26,7.37,7.28,7.37,7.25,7.5
North Dakota : transportation,cents per kilowatthour,ELEC.PRICE.ND-TRA.A,--,--,--,--,--,--,--,--,--,--,--,--,--,--,--,--,--,--,--,--,--,--,--,--,--
North Dakota : other,cents per kilowatthour,ELEC.PRICE.ND-OTH.A,3.79,3.68,--,--,--,--,--,--,--,--,--,--,--,--,--,--,--,--,--,--,--,--,--,--,--
South Dakota,cents per kilowatthour,ELEC.PRICE.SD-ALL.A,,,,,,,,,,,,,,,,,,,,,,,,,
South Dakota : all sectors,cents per kilowatthour,ELEC.PRICE.SD-ALL.A,6.35,6.26,6.35,6.44,6.6,6.7,6.89,7.14,7.39,7.82,8.05,8.49,8.86,9.05,9.47,9.83,10.05,9.97,9.96,10.06,10.43,10.44,10.49,10.87,11.35
South Dakota : residential,cents per kilowatthour,ELEC.PRICE.SD-RES.A,7.42,7.4,7.47,7.65,7.77,7.83,8.07,8.27,8.49,8.97,9.35,10.07,10.26,10.47,11.08,11.47,11.77,11.59,11.55,11.75,12.22,12.09,12.32,12.86,13.38
South Dakota : commercial,cents per kilowatthour,ELEC.PRICE.SD-COM.A,6.55,6.24,6.04,6.18,6.2,6.47,6.61,6.97,7.14,7.55,7.76,8.1,8.51,8.89,9.16,9.58,9.74,9.62,9.59,9.65,10.15,10.21,10.16,10.55,10.89
South Dakota : industrial,cents per kilowatthour,ELEC.PRICE.SD-IND.A,4.46,4.54,4.51,4.59,4.95,4.84,5.09,5.31,5.65,6.07,6.2,6.57,6.97,6.99,7.37,7.57,7.84,7.77,7.81,7.79,8.02,8.04,8.01,8.28,8.68
South Dakota : transportation,cents per kilowatthour,ELEC.PRICE.SD-TRA.A,--,--,--,--,--,--,--,--,--,--,--,--,--,--,--,--,--,--,--,--,--,--,--,--,--
South Dakota : other,cents per kilowatthour,ELEC.PRICE.SD-OTH.A,3.71,3.63,--,--,--,--,--,--,--,--,--,--,--,--,--,--,--,--,--,--,--,--,--,--,--
South Atlantic,cents per kilowatthour,ELEC.PRICE.SAT-ALL.A,,,,,,,,,,,,,,,,,,,,,,,,,
South Atlantic : all sectors,cents per kilowatthour,ELEC.PRICE.SAT-ALL.A,6.68,6.56,6.77,7.05,7.59,8.42,8.68,9.33,9.87,9.61,9.74,9.73,9.75,10.07,9.97,9.79,9.96,9.9,10.02,9.84,10.12,11.48,11.88,11.92,12.59
South Atlantic : residential,cents per kilowatthour,ELEC.PRICE.SAT-RES.A,8.05,7.91,8.1,8.33,8.83,9.76,10.03,10.67,11.32,10.96,11.19,11.38,11.39,11.74,11.74,11.56,11.86,11.7,11.93,11.79,12.1,13.44,14.45,14.51,15.31
South Atlantic : commercial,cents per kilowatthour,ELEC.PRICE.SAT-COM.A,6.6,6.45,6.7,6.96,7.49,8.46,8.66,9.31,9.61,9.29,9.46,9.37,9.38,9.68,9.49,9.24,9.39,9.3,9.36,9.05,9.41,10.83,10.82,10.69,11.28
South Atlantic : industrial,cents per kilowatthour,ELEC.PRICE.SAT-IND.A,4.34,4.25,4.47,4.78,5.3,5.45,5.67,6.28,6.69,6.66,6.66,6.55,6.55,6.75,6.58,6.45,6.5,6.52,6.5,6.25,6.51,7.79,7.58,7.76,8.17
South Atlantic : transportation,cents per kilowatthour,ELEC.PRICE.SAT-TRA.A,--,--,6.15,6.54,7.28,8.58,9.39,10.94,10.31,9.41,9.03,8.44,8.64,8.4,8.12,7.93,7.84,7.91,7.92,8.13,8.19,9.41,10.23,10.02,10.74
South Atlantic : other,cents per kilowatthour,ELEC.PRICE.SAT-OTH.A,6.47,6.41,--,--,--,--,--,--,--,--,--,--,--,--,--,--,--,--,--,--,--,--,--,--,--
Delaware,cents per kilowatthour,ELEC.PRICE.DE-ALL.A,,,,,,,,,,,,,,,,,,,,,,,,,
Delaware : all sectors,cents per kilowatthour,ELEC.PRICE.DE-ALL.A,6.8,6.91,6.96,7.53,7.76,10.13,11.35,12.38,12.2,11.97,11.48,11.06,10.9,11.22,11.17,11.09,10.9,10.55,10.52,10.24,10.5,11.83,12.85,13.56,14.19
Delaware : residential,cents per kilowatthour,ELEC.PRICE.DE-RES.A,8.61,8.7,8.59,8.78,9.01,11.85,13.16,13.93,14.07,13.8,13.7,13.58,12.95,13.29,13.42,13.42,13.35,12.53,12.55,12.56,12.52,13.71,15.73,16.57,17.13
Delaware : commercial,cents per kilowatthour,ELEC.PRICE.DE-COM.A,7,7.15,7.31,7.44,7.6,10.21,11.21,12.09,12.03,11.36,10.64,10.13,10.2,10.5,10.25,10.07,9.89,9.65,9.53,9.18,9.48,10.98,11.83,12.2,12.64
Delaware : industrial,cents per kilowatthour,ELEC.PRICE.DE-IND.A,4.81,4.85,5.15,6.06,6.21,7.67,8.93,10.49,9.51,9.57,8.91,8.36,8.43,8.58,8.28,8.11,7.78,7.95,7.7,6.7,7.6,8.79,7.85,8.49,9.64
Delaware : transportation,cents per kilowatthour,ELEC.PRICE.DE-TRA.A,--,--,--,--,--,--,--,--,--,--,--,--,--,--,--,--,--,--,--,--,--,--,--,--,--
Delaware : other,cents per kilowatthour,ELEC.PRICE.DE-OTH.A,14.17,14.13,--,--,--,--,--,--,--,--,--,--,--,--,--,--,--,--,--,--,--,--,--,--,--
District Of Columbia,cents per kilowatthour,ELEC.PRICE.DC-ALL.A,,,,,,,,,,,,,,,,,,,,,,,,,
District Of Columbia : all sectors,cents per kilowatthour,ELEC.PRICE.DC-ALL.A,7.4,7.34,7.4,7.47,9.18,11.08,11.79,13.18,13.23,13.35,12.81,11.85,11.85,12.11,12.07,11.73,11.8,12.03,12.27,11.9,12.81,14.94,16.5,16.88,20.34
District Of Columbia : residential,cents per kilowatthour,ELEC.PRICE.DC-RES.A,7.79,7.98,7.84,8,9.1,9.88,11.18,12.78,13.73,14.01,13.4,12.28,12.57,12.74,12.99,12.29,12.94,12.84,12.98,12.63,13.09,14.18,16.45,17.71,21.94
District Of Columbia : commercial,cents per kilowatthour,ELEC.PRICE.DC-COM.A,7.45,7.32,7.35,7.45,9.13,11.17,12.01,13.3,13.26,13.42,12.9,12.02,11.94,12.19,12.01,11.72,11.66,11.97,12.26,11.85,13,15.6,16.94,17.07,20.41
District Of Columbia : industrial,cents per kilowatthour,ELEC.PRICE.DC-IND.A,4.81,4.95,5.57,4.74,14.13,17.43,9.32,10.65,8.38,7.74,6.89,5.46,5.54,8.41,8.78,8.8,8.23,8.3,8.22,7.99,7.87,7.74,10.85,10.8,14.78
District Of Columbia : transportation,cents per kilowatthour,ELEC.PRICE.DC-TRA.A,--,--,7.64,7.37,7.37,10.68,11.32,14.01,13.12,10.95,10.19,9.01,9.52,8.8,9,9.53,8.9,9.54,9.5,9.6,9.76,8.5,9.94,9.66,10.08
District Of Columbia : other,cents per kilowatthour,ELEC.PRICE.DC-OTH.A,6.39,6.59,--,--,--,--,--,--,--,--,--,--,--,--,--,--,--,--,--,--,--,--,--,--,--
Florida,cents per kilowatthour,ELEC.PRICE.FL-ALL.A,,,,,,,,,,,,,,,,,,,,,,,,,
Florida : all sectors,cents per kilowatthour,ELEC.PRICE.FL-ALL.A,7.67,7.31,7.72,8.16,8.76,10.45,10.33,10.74,11.49,10.58,10.61,10.44,10.22,10.77,10.49,9.91,10.42,10.32,10.44,10.06,10.67,12.51,13.53,12.53,13.34
Florida : residential,cents per kilowatthour,ELEC.PRICE.FL-RES.A,8.59,8.16,8.55,8.99,9.62,11.33,11.22,11.65,12.39,11.44,11.51,11.42,11.27,11.89,11.58,10.98,11.61,11.54,11.7,11.27,11.9,13.9,15.21,14.14,15.24
Florida : commercial,cents per kilowatthour,ELEC.PRICE.FL-COM.A,7.08,6.64,7.13,7.61,8.16,9.91,9.75,10.14,10.77,9.76,9.85,9.66,9.39,9.87,9.5,8.9,9.35,9.19,9.27,8.85,9.51,11.19,11.95,10.99,11.47
Florida : industrial,cents per kilowatthour,ELEC.PRICE.FL-IND.A,5.18,5.23,5.41,5.84,6.46,7.71,7.76,8.25,9.32,8.85,8.55,8.04,7.61,7.9,8.22,7.69,7.83,7.65,7.65,7.15,7.65,9.16,9.39,8.5,8.84
Florida : transportation,cents per kilowatthour,ELEC.PRICE.FL-TRA.A,--,--,7.21,7.45,8.03,10.32,9.73,10.18,10.48,8.58,8.81,8.45,8.69,9.25,8.92,8.32,8.62,8.26,8.32,7.69,8.31,10.19,11.33,10.87,10.93
Florida : other,cents per kilowatthour,ELEC.PRICE.FL-OTH.A,7.6,7.43,--,--,--,--,--,--,--,--,--,--,--,--,--,--,--,--,--,--,--,--,--,--,--
Georgia,cents per kilowatthour,ELEC.PRICE.GA-ALL.A,,,,,,,,,,,,,,,,,,,,,,,,,
Georgia : all sectors,cents per kilowatthour,ELEC.PRICE.GA-ALL.A,6.39,6.24,6.32,6.58,7.43,7.63,7.86,8.84,8.81,8.87,9.61,9.37,9.69,10.03,9.62,9.59,9.83,9.62,9.86,9.93,10.43,12,11.06,11.4,12.03
Georgia : residential,cents per kilowatthour,ELEC.PRICE.GA-RES.A,7.72,7.63,7.7,7.86,8.64,8.91,9.1,9.93,10.13,10.07,11.05,11.17,11.46,11.65,11.54,11.5,11.9,11.47,11.76,12.02,12.51,13.8,13.69,14.08,14.73
Georgia : commercial,cents per kilowatthour,ELEC.PRICE.GA-COM.A,6.61,6.46,6.66,6.88,7.67,7.81,8.07,9.07,8.94,9.06,9.87,9.58,9.99,10.36,9.89,9.81,10.09,9.79,10.02,10.08,10.61,12.1,10.7,10.87,11.5
Georgia : industrial,cents per kilowatthour,ELEC.PRICE.GA-IND.A,4.28,3.95,4.02,4.43,5.28,5.38,5.53,6.67,6.12,6.22,6.6,5.98,6.27,6.64,5.87,5.84,5.96,6,6.17,5.77,6.49,8.65,6.88,7.21,7.81
Georgia : transportation,cents per kilowatthour,ELEC.PRICE.GA-TRA.A,--,--,4.81,5.12,5.9,6.12,6.42,7.15,7.03,7.46,7.94,7.65,8.03,6.98,5.27,5.08,5.35,5.52,5.85,5.39,6.61,9.33,7.29,7.64,7.88
Georgia : other,cents per kilowatthour,ELEC.PRICE.GA-OTH.A,8.56,8.31,--,--,--,--,--,--,--,--,--,--,--,--,--,--,--,--,--,--,--,--,--,--,--
Maryland,cents per kilowatthour,ELEC.PRICE.MD-ALL.A,,,,,,,,,,,,,,,,,,,,,,,,,
Maryland : all sectors,cents per kilowatthour,ELEC.PRICE.MD-ALL.A,6.6,6.18,6.45,7.15,8.13,9.95,11.5,13.01,13.09,12.71,11.93,11.28,11.66,12.1,12.07,12.21,11.98,11.57,11.24,11.15,11.48,13.32,14.34,15.04,16.83
Maryland : residential,cents per kilowatthour,ELEC.PRICE.MD-RES.A,7.67,7.74,7.73,7.8,8.46,9.71,11.89,13.84,14.98,14.32,13.31,12.84,13.25,13.63,13.82,14.23,13.96,13.3,13.12,13.01,13.12,14.46,16.6,17.86,19.48
Maryland : commercial,cents per kilowatthour,ELEC.PRICE.MD-COM.A,6.36,6.31,6.95,7.56,8.97,10.56,11.58,12.77,11.98,11.75,11.28,10.43,10.68,11.15,11,10.99,10.75,10.43,9.97,9.72,10.26,12.65,12.77,12.96,14.74
Maryland : industrial,cents per kilowatthour,ELEC.PRICE.MD-IND.A,4.37,4.01,4.89,5.99,7.01,8.14,9.41,10.38,9.96,9.58,8.76,8.09,8.36,9.04,8.53,7.89,8.37,8.23,7.8,7.81,8.46,10.01,9.94,10.01,12.5
Maryland : transportation,cents per kilowatthour,ELEC.PRICE.MD-TRA.A,--,--,5.78,6.46,7.73,8.43,10.15,11.77,10.5,9.89,9.03,8.29,8.47,8.5,8.34,7.85,7.74,7.44,7.37,7.79,7.58,9.45,11.23,11.55,13.42
Maryland : other,cents per kilowatthour,ELEC.PRICE.MD-OTH.A,9.42,9.42,--,--,--,--,--,--,--,--,--,--,--,--,--,--,--,--,--,--,--,--,--,--,--
North Carolina,cents per kilowatthour,ELEC.PRICE.NC-ALL.A,,,,,,,,,,,,,,,,,,,,,,,,,
North Carolina : all sectors,cents per kilowatthour,ELEC.PRICE.NC-ALL.A,6.58,6.74,6.86,6.97,7.19,7.53,7.83,7.96,8.48,8.67,8.64,9.15,9.24,9.33,9.37,9.2,9.04,9.25,9.45,9.43,9.29,9.6,10.61,11.65,11.53
North Carolina : residential,cents per kilowatthour,ELEC.PRICE.NC-RES.A,8.12,8.19,8.32,8.45,8.65,9.12,9.4,9.52,9.99,10.12,10.26,10.91,10.97,11.1,11.28,11.03,10.94,11.09,11.42,11.38,11.32,11.62,12.93,14.13,14.02
North Carolina : commercial,cents per kilowatthour,ELEC.PRICE.NC-COM.A,6.42,6.51,6.65,6.7,6.86,7.17,7.43,7.55,7.98,8.16,8.13,8.66,8.76,8.75,8.73,8.62,8.44,8.58,8.81,8.69,8.5,8.75,9.67,10.56,10.25
North Carolina : industrial,cents per kilowatthour,ELEC.PRICE.NC-IND.A,4.61,4.7,4.79,4.88,5.04,5.23,5.47,5.54,5.99,6.17,6.01,6.42,6.45,6.5,6.51,6.31,6.2,6.33,6.3,6.31,6.14,6.54,7.15,7.77,7.8
North Carolina : transportation,cents per kilowatthour,ELEC.PRICE.NC-TRA.A,--,--,--,--,8.33,3.1,9.14,6.57,6.83,7.09,7.04,7.88,7.94,7.84,7.9,7.88,8.55,8.02,8.2,7.67,7.85,7.61,8.86,10.28,9.81
North Carolina : other,cents per kilowatthour,ELEC.PRICE.NC-OTH.A,6.68,6.7,--,--,--,--,--,--,--,--,--,--,--,--,--,--,--,--,--,--,--,--,--,--,--
South Carolina,cents per kilowatthour,ELEC.PRICE.SC-ALL.A,,,,,,,,,,,,,,,,,,,,,,,,,
South Carolina : all sectors,cents per kilowatthour,ELEC.PRICE.SC-ALL.A,5.77,5.83,6.08,6.22,6.72,6.98,7.18,7.85,8.42,8.49,8.8,9.1,9.24,9.67,9.58,9.79,9.97,9.67,10.02,9.9,9.96,10.74,10.5,10.9,11.45
South Carolina : residential,cents per kilowatthour,ELEC.PRICE.SC-RES.A,7.69,7.72,8.01,8.12,8.67,9.03,9.19,9.89,10.44,10.5,11.05,11.77,11.99,12.45,12.57,12.65,13.02,12.44,12.99,12.78,12.86,13.59,13.68,14.23,14.96
South Carolina : commercial,cents per kilowatthour,ELEC.PRICE.SC-COM.A,6.45,6.48,6.81,6.91,7.39,7.6,7.74,8.42,8.74,8.9,9.3,9.63,9.88,10.28,10.21,10.28,10.57,10.11,10.58,10.35,10.67,10.86,10.39,10.64,11.05
South Carolina : industrial,cents per kilowatthour,ELEC.PRICE.SC-IND.A,3.86,3.85,4,4.13,4.55,4.71,4.83,5.37,5.79,5.74,5.94,6.02,6.01,6.29,6.05,6.09,6.19,6.1,6.11,5.98,6.07,7.13,6.68,6.84,7.11
South Carolina : transportation,cents per kilowatthour,ELEC.PRICE.SC-TRA.A,--,--,--,--,--,--,--,--,--,--,--,--,--,--,--,--,--,--,--,--,--,--,--,--,--
South Carolina : other,cents per kilowatthour,ELEC.PRICE.SC-OTH.A,6.39,6.44,--,--,--,--,--,--,--,--,--,--,--,--,--,--,--,--,--,--,--,--,--,--,--
Virginia,cents per kilowatthour,ELEC.PRICE.VA-ALL.A,,,,,,,,,,,,,,,,,,,,,,,,,
Virginia : all sectors,cents per kilowatthour,ELEC.PRICE.VA-ALL.A,6.18,6.23,6.27,6.43,6.64,6.86,7.12,8,8.93,8.69,8.84,9.07,8.96,9.17,9.31,9.09,9.18,9.48,9.52,9.16,9.14,10.75,10.68,10.62,11.41
Virginia : residential,cents per kilowatthour,ELEC.PRICE.VA-RES.A,7.79,7.79,7.76,7.99,8.16,8.49,8.74,9.62,10.61,10.45,10.64,11.08,10.84,11.1,11.37,11.36,11.55,11.73,12.07,12.03,11.96,13.34,14.26,14.41,15.28
Virginia : commercial,cents per kilowatthour,ELEC.PRICE.VA-COM.A,5.85,5.87,5.74,5.88,6.05,6.21,6.38,7.32,8.06,7.65,7.95,8.08,8,8.15,8.21,7.93,8.01,8.32,8.18,7.63,7.79,9.66,8.95,8.72,9.55
Virginia : industrial,cents per kilowatthour,ELEC.PRICE.VA-IND.A,4.16,4.13,4.23,4.27,4.46,4.69,5.07,5.82,6.91,6.66,6.49,6.72,6.63,6.89,6.95,6.56,6.51,6.86,6.85,6.28,6.49,7.99,8.92,8.99,9.45
Virginia : transportation,cents per kilowatthour,ELEC.PRICE.VA-TRA.A,--,--,5.46,6.25,6.81,6.81,6.73,7.8,8.42,7.7,8.24,8.51,8.17,8.24,8.11,7.76,8.11,8.28,8.27,8.77,8.49,10.85,10.42,9.25,9.38
Virginia : other,cents per kilowatthour,ELEC.PRICE.VA-OTH.A,5.16,5.14,--,--,--,--,--,--,--,--,--,--,--,--,--,--,--,--,--,--,--,--,--,--,--
West Virginia,cents per kilowatthour,ELEC.PRICE.WV-ALL.A,,,,,,,,,,,,,,,,,,,,,,,,,
West Virginia : all sectors,cents per kilowatthour,ELEC.PRICE.WV-ALL.A,5.07,5.11,5.13,5.13,5.15,5.04,5.34,5.61,6.65,7.45,7.88,8.14,7.91,7.65,8.11,8.98,9,8.72,8.49,8.75,8.87,9.74,10.26,11.05,11.4
West Virginia : residential,cents per kilowatthour,ELEC.PRICE.WV-RES.A,6.26,6.23,6.24,6.23,6.21,6.35,6.73,7.06,7.9,8.79,9.39,9.85,9.52,9.34,10.08,11.44,11.63,11.18,11.25,11.8,12.15,13.23,14.05,15.07,15.41
West Virginia : commercial,cents per kilowatthour,ELEC.PRICE.WV-COM.A,5.44,5.41,5.45,5.46,5.53,5.59,5.85,6.08,6.77,7.66,8.14,8.42,8.17,7.99,8.61,9.35,9.58,9.24,9.16,9.4,9.5,10.42,11.03,11.62,11.75
West Virginia : industrial,cents per kilowatthour,ELEC.PRICE.WV-IND.A,3.74,3.81,3.81,3.83,3.85,3.71,3.95,4.2,5.24,5.86,6.18,6.33,6.2,5.87,6.09,6.57,6.64,6.4,6.02,6.09,6.07,6.74,7.24,7.81,8.11
West Virginia : transportation,cents per kilowatthour,ELEC.PRICE.WV-TRA.A,--,--,--,5.7,6.08,5.86,6.42,6.32,7.56,8.33,8.6,8.66,8.68,--,--,--,--,--,--,--,--,--,--,--,--
West Virginia : other,cents per kilowatthour,ELEC.PRICE.WV-OTH.A,10.36,10.01,--,--,--,--,--,--,--,--,--,--,--,--,--,--,--,--,--,--,--,--,--,--,--
East South Central,cents per kilowatthour,ELEC.PRICE.ESC-ALL.A,,,,,,,,,,,,,,,,,,,,,,,,,
East South Central : all sectors,cents per kilowatthour,ELEC.PRICE.ESC-ALL.A,5.33,5.39,5.55,5.83,6.17,6.78,7.01,7.87,8.13,8.16,8.58,8.58,8.71,9.08,9.06,9.04,9.29,9.29,9.4,9.32,9.69,10.91,10.78,10.99,11.62
East South Central : residential,cents per kilowatthour,ELEC.PRICE.ESC-RES.A,6.51,6.57,6.78,7.12,7.42,8.16,8.35,9.32,9.61,9.58,10.14,10.32,10.4,10.76,10.82,10.86,11.3,11.14,11.36,11.34,11.74,12.96,13.11,13.4,14.1
East South Central : commercial,cents per kilowatthour,ELEC.PRICE.ESC-COM.A,6.25,6.33,6.52,6.89,7.19,7.9,8.07,9.07,9.26,9.34,9.8,9.87,9.81,10.34,10.24,10.2,10.6,10.52,10.74,10.73,11.07,12.21,12.13,12.36,13.08
East South Central : industrial,cents per kilowatthour,ELEC.PRICE.ESC-IND.A,3.69,3.71,3.86,4.04,4.37,4.81,5.04,5.75,5.83,5.83,6.19,6.11,5.98,6.13,5.98,5.81,5.93,5.85,5.76,5.55,5.97,7.2,6.72,6.72,7.22
East South Central : transportation,cents per kilowatthour,ELEC.PRICE.ESC-TRA.A,--,--,--,11.75,11.46,11.18,10.31,10.17,10.7,11.09,12.07,11.29,11.68,8.57,--,--,--,--,--,--,--,--,--,--,--
East South Central : other,cents per kilowatthour,ELEC.PRICE.ESC-OTH.A,6.25,6.32,--,--,--,--,--,--,--,--,--,--,--,--,--,--,--,--,--,--,--,--,--,--,--
Alabama,cents per kilowatthour,ELEC.PRICE.AL-ALL.A,,,,,,,,,,,,,,,,,,,,,,,,,
Alabama : all sectors,cents per kilowatthour,ELEC.PRICE.AL-ALL.A,5.6,5.71,5.88,6.08,6.46,7.07,7.57,8.59,8.83,8.89,9.1,9.18,9.02,9.27,9.33,9.56,9.83,9.63,9.83,9.84,10.18,11.59,11.47,11.9,12.62
Alabama : residential,cents per kilowatthour,ELEC.PRICE.AL-RES.A,7.01,7.12,7.39,7.62,8,8.75,9.32,10.4,10.66,10.67,11.09,11.4,11.26,11.48,11.7,11.99,12.55,12.18,12.53,12.57,12.96,14.25,14.63,15.18,16.1
Alabama : commercial,cents per kilowatthour,ELEC.PRICE.AL-COM.A,6.53,6.63,6.85,7.12,7.5,8.18,8.7,9.87,10.05,10.18,10.47,10.63,10.51,10.79,10.83,11.11,11.6,11.24,11.52,11.55,11.84,13.16,13.16,13.64,14.52
Alabama : industrial,cents per kilowatthour,ELEC.PRICE.AL-IND.A,3.79,3.82,3.98,4.15,4.52,4.9,5.27,6.11,5.96,6.01,6.25,6.22,5.95,6.15,6.03,6.04,6.16,6.01,5.95,5.87,6.33,7.72,7.1,7.25,7.73
Alabama : transportation,cents per kilowatthour,ELEC.PRICE.AL-TRA.A,--,--,--,--,--,--,--,--,--,--,--,--,--,--,--,--,--,--,--,--,--,--,--,--,--
Alabama : other,cents per kilowatthour,ELEC.PRICE.AL-OTH.A,7.11,7.46,--,--,--,--,--,--,--,--,--,--,--,--,--,--,--,--,--,--,--,--,--,--,--
Kentucky,cents per kilowatthour,ELEC.PRICE.KY-ALL.A,,,,,,,,,,,,,,,,,,,,,,,,,
Kentucky : all sectors,cents per kilowatthour,ELEC.PRICE.KY-ALL.A,4.24,4.26,4.42,4.63,5.01,5.43,5.84,6.26,6.52,6.73,7.17,7.26,7.69,8.15,8.14,8.42,8.57,8.52,8.61,8.58,9.12,10.51,9.96,10.07,10.55
Kentucky : residential,cents per kilowatthour,ELEC.PRICE.KY-RES.A,5.58,5.65,5.81,6.11,6.57,7.02,7.34,7.94,8.37,8.57,9.2,9.43,9.79,10.16,10.24,10.49,10.85,10.6,10.8,10.87,11.5,12.91,12.65,12.79,13.24
Kentucky : commercial,cents per kilowatthour,ELEC.PRICE.KY-COM.A,5.2,5.3,5.37,5.6,6.01,6.44,6.76,7.29,7.63,7.88,8.49,8.73,8.56,9.44,9.44,9.57,9.85,9.74,10.15,10.34,10.75,11.78,11.38,11.5,11.88
Kentucky : industrial,cents per kilowatthour,ELEC.PRICE.KY-IND.A,3.04,3.09,3.21,3.34,3.6,4.05,4.47,4.82,4.92,5.05,5.33,5.35,5.66,5.68,5.48,5.67,5.72,5.68,5.57,5.31,5.95,7.41,6.55,6.5,6.96
Kentucky : transportation,cents per kilowatthour,ELEC.PRICE.KY-TRA.A,--,--,--,--,--,--,--,--,--,--,--,--,--,--,--,--,--,--,--,--,--,--,--,--,--
Kentucky : other,cents per kilowatthour,ELEC.PRICE.KY-OTH.A,4.53,4.61,--,--,--,--,--,--,--,--,--,--,--,--,--,--,--,--,--,--,--,--,--,--,--
Mississippi,cents per kilowatthour,ELEC.PRICE.MS-ALL.A,,,,,,,,,,,,,,,,,,,,,,,,,
Mississippi : all sectors,cents per kilowatthour,ELEC.PRICE.MS-ALL.A,6.26,6.24,6.46,7,7.54,8.33,8.03,8.99,8.85,8.59,8.78,8.6,9.11,9.6,9.53,8.67,9.09,9.24,9.28,9.13,9.5,10.36,10.95,10.93,11.57
Mississippi : residential,cents per kilowatthour,ELEC.PRICE.MS-RES.A,7.37,7.28,7.6,8.21,8.71,9.66,9.36,10.39,10.22,9.87,10.17,10.26,10.78,11.32,11.27,10.47,11.08,11.12,11.27,11.17,11.56,12.41,13.23,13.39,14.03
Mississippi : commercial,cents per kilowatthour,ELEC.PRICE.MS-COM.A,6.94,6.83,7.25,7.99,8.48,9.37,8.92,10.02,9.5,9.32,9.48,9.33,10.1,10.76,10.55,9.57,10.17,10.43,10.52,10.38,10.81,11.76,12.37,12.32,13.03
Mississippi : industrial,cents per kilowatthour,ELEC.PRICE.MS-IND.A,4.4,4.4,4.48,4.83,5.37,5.94,5.75,6.56,6.61,6.32,6.53,6.24,6.34,6.6,6.56,5.79,5.99,6,5.85,5.63,5.95,6.71,6.96,6.81,7.38
Mississippi : transportation,cents per kilowatthour,ELEC.PRICE.MS-TRA.A,--,--,--,--,--,--,--,--,--,--,--,--,--,--,--,--,--,--,--,--,--,--,--,--,--
Mississippi : other,cents per kilowatthour,ELEC.PRICE.MS-OTH.A,8.95,8.76,--,--,--,--,--,--,--,--,--,--,--,--,--,--,--,--,--,--,--,--,--,--,--
Tennessee,cents per kilowatthour,ELEC.PRICE.TN-ALL.A,,,,,,,,,,,,,,,,,,,,,,,,,
Tennessee : all sectors,cents per kilowatthour,ELEC.PRICE.TN-ALL.A,5.59,5.72,5.84,6.14,6.31,6.97,7.07,8.18,8.69,8.61,9.28,9.27,9.13,9.4,9.3,9.23,9.45,9.58,9.69,9.52,9.78,10.89,10.69,10.9,11.57
Tennessee : residential,cents per kilowatthour,ELEC.PRICE.TN-RES.A,6.32,6.41,6.55,6.9,6.98,7.75,7.84,8.91,9.32,9.23,9.98,10.1,9.98,10.32,10.3,10.41,10.72,10.71,10.87,10.76,11.07,12.25,12.19,12.42,13.18
Tennessee : commercial,cents per kilowatthour,ELEC.PRICE.TN-COM.A,6.31,6.45,6.68,7.05,7.17,8,8.09,9.24,9.61,9.66,10.27,10.31,10,10.38,10.16,10.19,10.55,10.51,10.65,10.56,10.87,12.02,11.8,12.05,12.87
Tennessee : industrial,cents per kilowatthour,ELEC.PRICE.TN-IND.A,4.05,4.15,4.29,4.46,4.73,5.17,5.19,6.29,6.76,6.58,7.23,7.08,6.29,6.4,6.17,5.68,5.83,5.68,5.68,5.33,5.51,6.55,6.23,6.21,6.74
Tennessee : transportation,cents per kilowatthour,ELEC.PRICE.TN-TRA.A,--,--,--,11.75,11.46,11.18,10.31,10.17,10.7,11.09,12.07,11.29,11.68,8.57,--,--,--,--,--,--,--,--,--,--,--
Tennessee : other,cents per kilowatthour,ELEC.PRICE.TN-OTH.A,8.83,8.92,--,--,--,--,--,--,--,--,--,--,--,--,--,--,--,--,--,--,--,--,--,--,--
West South Central,cents per kilowatthour,ELEC.PRICE.WSC-ALL.A,,,,,,,,,,,,,,,,,,,,,,,,,
West South Central : all sectors,cents per kilowatthour,ELEC.PRICE.WSC-ALL.A,7.07,6.33,7.13,7.47,8.48,9.42,9.27,10.13,8.94,8.74,8.54,8.11,8.42,8.65,8.41,8.19,8.26,8.27,8.36,8.17,9.03,10.16,9.79,9.58,10
West South Central : residential,cents per kilowatthour,ELEC.PRICE.WSC-RES.A,8.45,7.7,8.61,9.05,10.04,11.48,11.15,11.86,11.04,10.67,10.42,10.3,10.74,11.12,10.95,10.59,10.74,10.77,11.17,11.17,11.78,13.39,13.68,14.04,14.65
West South Central : commercial,cents per kilowatthour,ELEC.PRICE.WSC-COM.A,7.46,6.69,7.44,7.54,8.43,9.26,9.26,10.12,8.94,8.78,8.56,7.99,8.11,8.26,8.18,8.23,8.34,8.21,8.2,7.82,8.94,9.55,9.13,8.88,9.06
West South Central : industrial,cents per kilowatthour,ELEC.PRICE.WSC-IND.A,5.15,4.48,5.14,5.58,6.6,7.17,7.14,8.08,6.21,6.12,6,5.39,5.82,6.1,5.59,5.31,5.45,5.4,5.43,5.06,6.12,7.21,6.47,6.05,6.48
West South Central : transportation,cents per kilowatthour,ELEC.PRICE.WSC-TRA.A,--,--,6.64,7.04,8.33,8.64,8.65,8.88,9.87,9.78,9.85,10.3,10.08,5.44,5.53,7.99,8.28,8.16,6.61,6.65,6.81,7.13,7.53,7.76,7.2
West South Central : other,cents per kilowatthour,ELEC.PRICE.WSC-OTH.A,7.34,6.31,--,--,--,--,--,--,--,--,--,--,--,--,--,--,--,--,--,--,--,--,--,--,--
Arkansas,cents per kilowatthour,ELEC.PRICE.AR-ALL.A,,,,,,,,,,,,,,,,,,,,,,,,,
Arkansas : all sectors,cents per kilowatthour,ELEC.PRICE.AR-ALL.A,6.05,5.61,5.57,5.67,6.3,6.99,6.96,7.6,7.57,7.28,7.43,7.62,7.93,7.9,8.19,8.13,8.26,7.78,8.22,8.32,9.1,9.91,9.73,9.59,9.84
Arkansas : residential,cents per kilowatthour,ELEC.PRICE.AR-RES.A,7.72,7.25,7.24,7.36,8,8.85,8.73,9.27,9.14,8.86,9.02,9.3,9.59,9.51,9.82,9.92,10.28,9.81,9.8,10.41,11.27,12.05,12.25,12.32,12.84
Arkansas : commercial,cents per kilowatthour,ELEC.PRICE.AR-COM.A,6.19,5.68,5.54,5.64,6.18,6.96,6.91,7.61,7.56,7.31,7.5,7.71,8.05,8.05,8.32,8.23,8.51,7.75,8.78,8.61,9.56,10.26,10.34,10.24,10.76
Arkansas : industrial,cents per kilowatthour,ELEC.PRICE.AR-IND.A,4.43,4.01,4.04,4.16,4.74,5.24,5.25,5.89,5.76,5.44,5.63,5.76,6.04,6.02,6.23,6.08,6.07,5.64,6.13,5.89,6.57,7.38,6.87,6.61,6.71
Arkansas : transportation,cents per kilowatthour,ELEC.PRICE.AR-TRA.A,--,--,--,--,--,--,--,11.78,12.32,11.34,11.1,11.23,11.58,11.35,11.22,10.41,12.26,11.35,11.73,13.32,13.56,15.49,14.93,13.23,13.13
Arkansas : other,cents per kilowatthour,ELEC.PRICE.AR-OTH.A,6.91,6.52,--,--,--,--,--,--,--,--,--,--,--,--,--,--,--,--,--,--,--,--,--,--,--
Louisiana,cents per kilowatthour,ELEC.PRICE.LA-ALL.A,,,,,,,,,,,,,,,,,,,,,,,,,
Louisiana : all sectors,cents per kilowatthour,ELEC.PRICE.LA-ALL.A,6.96,5.99,6.93,7.13,8.03,8.3,8.39,9.44,7.06,7.8,7.68,6.9,8.04,8.09,7.65,7.46,7.79,7.71,7.71,7.51,8.82,10.41,8.91,8.8,9.5
Louisiana : residential,cents per kilowatthour,ELEC.PRICE.LA-RES.A,7.92,7.1,7.84,8.05,8.87,9.14,9.37,10.28,8.1,8.98,8.96,8.37,9.43,9.57,9.33,9.34,9.74,9.59,9.8,9.67,11.02,12.93,11.55,11.73,12.57
Louisiana : commercial,cents per kilowatthour,ELEC.PRICE.LA-COM.A,7.58,6.64,7.42,7.58,8.56,9.03,9.13,10.12,7.69,8.5,8.44,7.75,8.96,9.1,8.66,8.59,8.95,8.85,8.91,8.85,10.23,11.93,10.45,10.46,11.2
Louisiana : industrial,cents per kilowatthour,ELEC.PRICE.LA-IND.A,5.58,4.42,5.57,5.82,6.71,6.87,6.77,7.94,5.25,5.84,5.69,4.76,5.92,6.05,5.41,5.08,5.48,5.35,5.23,4.88,6.21,7.54,5.88,5.61,6.23
Louisiana : transportation,cents per kilowatthour,ELEC.PRICE.LA-TRA.A,--,--,7.32,7.09,7.63,14.1,13.91,11.88,10.09,9.46,8.33,8.72,9.45,9.27,8.28,9.03,9.93,9.21,9.08,8.77,10.77,12.45,11,11.54,11.15
Louisiana : other,cents per kilowatthour,ELEC.PRICE.LA-OTH.A,8.43,7.05,--,--,--,--,--,--,--,--,--,--,--,--,--,--,--,--,--,--,--,--,--,--,--
Oklahoma,cents per kilowatthour,ELEC.PRICE.OK-ALL.A,,,,,,,,,,,,,,,,,,,,,,,,,
Oklahoma : all sectors,cents per kilowatthour,ELEC.PRICE.OK-ALL.A,6.1,5.59,6.35,6.5,6.85,7.3,7.29,7.81,6.94,7.59,7.8,7.54,7.86,8.18,7.9,7.83,8.2,8.09,7.86,7.63,8.52,10.05,9.3,9.09,9.5
Oklahoma : residential,cents per kilowatthour,ELEC.PRICE.OK-RES.A,7.27,6.73,7.47,7.72,7.95,8.55,8.58,9.09,8.49,9.14,9.47,9.51,9.67,10.03,10.14,10.2,10.61,10.3,10.21,10.12,11,12.44,12.08,12.24,13.12
Oklahoma : commercial,cents per kilowatthour,ELEC.PRICE.OK-COM.A,6.35,5.75,6.38,6.55,7,7.34,7.33,7.88,6.76,7.45,7.6,7.32,7.77,8.09,7.68,7.66,8.11,8.07,7.98,7.82,8.7,10.34,9.34,8.92,9.08
Oklahoma : industrial,cents per kilowatthour,ELEC.PRICE.OK-IND.A,4.29,3.81,4.59,4.76,5.11,5.46,5.41,5.9,4.82,5.35,5.46,5.09,5.49,5.85,5.35,5.02,5.42,5.34,5.07,4.61,5.5,6.96,6.26,5.84,6.15
Oklahoma : transportation,cents per kilowatthour,ELEC.PRICE.OK-TRA.A,--,--,--,--,--,--,--,--,--,--,--,--,--,--,--,--,--,--,--,--,--,--,--,--,--
Oklahoma : other,cents per kilowatthour,ELEC.PRICE.OK-OTH.A,5.39,5.06,--,--,--,--,--,--,--,--,--,--,--,--,--,--,--,--,--,--,--,--,--,--,--
Texas,cents per kilowatthour,ELEC.PRICE.TX-ALL.A,,,,,,,,,,,,,,,,,,,,,,,,,
Texas : all sectors,cents per kilowatthour,ELEC.PRICE.TX-ALL.A,7.38,6.62,7.5,7.95,9.14,10.34,10.11,10.99,9.86,9.34,9,8.55,8.66,8.94,8.7,8.43,8.38,8.48,8.6,8.36,9.14,10.16,10.04,9.79,10.18
Texas : residential,cents per kilowatthour,ELEC.PRICE.TX-RES.A,8.86,8.05,9.16,9.73,10.93,12.86,12.34,13.03,12.38,11.6,11.08,10.98,11.35,11.86,11.56,10.99,11.01,11.2,11.76,11.71,12.11,13.76,14.46,14.94,15.47
Texas : commercial,cents per kilowatthour,ELEC.PRICE.TX-COM.A,7.74,6.95,7.84,7.9,8.85,9.85,9.87,10.75,9.66,9.19,8.83,8.16,8.02,8.16,8.15,8.26,8.26,8.16,8.06,7.6,8.72,9.05,8.82,8.55,8.64
Texas : industrial,cents per kilowatthour,ELEC.PRICE.TX-IND.A,5.27,4.66,5.27,5.87,7.14,7.82,7.79,8.79,6.74,6.44,6.24,5.57,5.81,6.16,5.59,5.33,5.35,5.39,5.45,5.07,6.12,7.13,6.6,6.12,6.55
Texas : transportation,cents per kilowatthour,ELEC.PRICE.TX-TRA.A,--,--,6.62,7.02,8.45,8.42,8.4,8.64,9.83,9.82,10.08,10.54,10.19,5.17,5.34,7.92,8.16,8.08,6.44,6.52,6.59,6.82,7.3,4.35,3.81
Texas : other,cents per kilowatthour,ELEC.PRICE.TX-OTH.A,7.56,6.55,--,--,--,--,--,--,--,--,--,--,--,--,--,--,--,--,--,--,--,--,--,--,--
Mountain,cents per kilowatthour,ELEC.PRICE.MTN-ALL.A,,,,,,,,,,,,,,,,,,,,,,,,,
Mountain : all sectors,cents per kilowatthour,ELEC.PRICE.MTN-ALL.A,6.44,6.52,6.71,6.86,7.26,7.46,7.69,8.18,8.41,8.59,8.63,8.82,9.18,9.42,9.48,9.31,9.51,9.48,9.39,9.4,9.7,10.46,11.07,11.23,11.44
Mountain : residential,cents per kilowatthour,ELEC.PRICE.MTN-RES.A,7.8,7.87,8.02,8.24,8.67,8.98,9.31,9.84,10.18,10.49,10.56,10.94,11.31,11.67,11.83,11.65,11.89,11.94,11.81,11.76,12.04,12.79,13.68,14.12,14.41
Mountain : commercial,cents per kilowatthour,ELEC.PRICE.MTN-COM.A,6.53,6.63,6.84,7.06,7.37,7.58,7.77,8.36,8.53,8.75,8.86,8.99,9.35,9.65,9.71,9.49,9.61,9.56,9.56,9.46,9.71,10.38,10.94,11.03,11.3
Mountain : industrial,cents per kilowatthour,ELEC.PRICE.MTN-IND.A,4.84,4.86,5.01,5.05,5.46,5.51,5.68,6.05,6.09,6.13,6.08,6.18,6.48,6.68,6.59,6.38,6.55,6.45,6.33,6.25,6.68,7.56,7.84,7.7,7.91
Mountain : transportation,cents per kilowatthour,ELEC.PRICE.MTN-TRA.A,--,--,6.8,6.25,6.74,7.78,7.56,8.25,8.38,9.1,9.48,9.62,10.47,10.49,9.97,9.67,9.88,9.53,9.29,9.33,9.94,10.62,12.69,10.61,10.68
Mountain : other,cents per kilowatthour,ELEC.PRICE.MTN-OTH.A,5.83,5.57,--,--,--,--,--,--,--,--,--,--,--,--,--,--,--,--,--,--,--,--,--,--,--
Arizona,cents per kilowatthour,ELEC.PRICE.AZ-ALL.A,,,,,,,,,,,,,,,,,,,,,,,,,
Arizona : all sectors,cents per kilowatthour,ELEC.PRICE.AZ-ALL.A,7.27,7.21,7.34,7.45,7.79,8.24,8.54,9.11,9.56,9.69,9.71,9.81,10.14,10.18,10.34,10.33,10.64,10.85,10.52,10.44,10.73,11.31,12.19,12.74,12.97
Arizona : residential,cents per kilowatthour,ELEC.PRICE.AZ-RES.A,8.3,8.27,8.35,8.46,8.86,9.4,9.66,10.27,10.73,10.97,11.08,11.29,11.71,11.9,12.13,12.15,12.44,12.77,12.43,12.27,12.54,13.02,14.02,14.91,15.32
Arizona : commercial,cents per kilowatthour,ELEC.PRICE.AZ-COM.A,7.37,7.28,7.09,7.28,7.4,8.02,8.27,8.93,9.35,9.47,9.5,9.53,9.85,10.13,10.39,10.41,10.5,10.64,10.25,10.11,10.33,10.8,11.79,12.23,12.47
Arizona : industrial,cents per kilowatthour,ELEC.PRICE.AZ-IND.A,5.24,5.2,5.37,5.35,5.85,5.69,6.05,6.57,6.65,6.63,6.55,6.53,6.66,6.46,6.26,6.07,6.45,6.55,6.28,6.07,6.79,7.86,8.11,7.9,8.1
Arizona : transportation,cents per kilowatthour,ELEC.PRICE.AZ-TRA.A,--,--,--,--,--,--,--,--,--,--,--,--,--,--,9.4,9.93,9.65,10.02,9.68,9.38,9.33,9.62,10.01,10.95,11.07
Arizona : other,cents per kilowatthour,ELEC.PRICE.AZ-OTH.A,4.93,4.56,--,--,--,--,--,--,--,--,--,--,--,--,--,--,--,--,--,--,--,--,--,--,--
Colorado,cents per kilowatthour,ELEC.PRICE.CO-ALL.A,,,,,,,,,,,,,,,,,,,,,,,,,
Colorado : all sectors,cents per kilowatthour,ELEC.PRICE.CO-ALL.A,6.02,6,6.77,6.95,7.64,7.61,7.76,8.59,8.31,9.15,9.39,9.39,9.88,10.06,9.94,9.83,9.99,10.02,10.17,10.27,10.9,11.75,11.76,12.07,12.77
Colorado : residential,cents per kilowatthour,ELEC.PRICE.CO-RES.A,7.47,7.37,8.14,8.42,9.06,9.02,9.25,10.13,10,11.04,11.27,11.46,11.93,12.18,12.12,12.07,12.17,12.15,12.18,12.36,13.07,14.19,14.3,14.92,15.85
Colorado : commercial,cents per kilowatthour,ELEC.PRICE.CO-COM.A,5.67,5.67,6.6,6.89,7.62,7.5,7.62,8.57,8.15,9.13,9.44,9.39,9.86,10.08,9.88,9.6,9.89,10.02,10.43,10.29,10.84,11.58,11.64,11.71,12.47
Colorado : industrial,cents per kilowatthour,ELEC.PRICE.CO-IND.A,4.48,4.52,5.1,5.11,5.74,5.88,5.97,6.65,6.39,6.9,7.06,6.95,7.34,7.47,7.4,7.35,7.5,7.47,7.4,7.48,8.01,8.63,8.5,8.62,9.07
Colorado : transportation,cents per kilowatthour,ELEC.PRICE.CO-TRA.A,--,--,7.32,5.81,5.01,7.78,7.18,8.32,8.14,9.34,9.79,9.69,10.55,10.79,10.08,9.8,9.77,9,8.7,8.64,9.44,9.91,13.23,9.66,9.6
Colorado : other,cents per kilowatthour,ELEC.PRICE.CO-OTH.A,8.36,6.64,--,--,--,--,--,--,--,--,--,--,--,--,--,--,--,--,--,--,--,--,--,--,--
Idaho,cents per kilowatthour,ELEC.PRICE.ID-ALL.A,,,,,,,,,,,,,,,,,,,,,,,,,
Idaho : all sectors,cents per kilowatthour,ELEC.PRICE.ID-ALL.A,4.92,5.58,5.22,4.97,5.12,4.92,5.07,5.69,6.51,6.54,6.44,6.92,7.57,7.93,8.09,8.08,8.26,8.17,7.89,7.99,8.17,8.51,9.08,9.51,9.74
Idaho : residential,cents per kilowatthour,ELEC.PRICE.ID-RES.A,6.01,6.59,6.24,6.1,6.29,6.21,6.36,6.99,7.8,7.99,7.87,8.67,9.32,9.72,9.93,9.95,10.04,10.15,9.89,9.95,10.16,10.37,11.05,11.52,11.82
Idaho : commercial,cents per kilowatthour,ELEC.PRICE.ID-COM.A,5.13,5.71,5.56,5.37,5.42,5.16,5.14,5.72,6.49,6.64,6.41,6.86,7.37,7.78,7.8,7.76,7.98,7.93,7.67,7.75,7.89,8.27,8.78,9.17,9.25
Idaho : industrial,cents per kilowatthour,ELEC.PRICE.ID-IND.A,3.71,4.34,4.16,3.82,3.91,3.61,3.87,4.48,5.17,5.15,5.1,5.48,6.09,6.4,6.6,6.55,6.66,6.47,6.08,6.23,6.39,6.71,7.17,7.69,7.98
Idaho : transportation,cents per kilowatthour,ELEC.PRICE.ID-TRA.A,--,--,--,--,--,--,--,--,--,--,--,--,--,--,--,--,--,--,--,--,--,--,--,--,--
Idaho : other,cents per kilowatthour,ELEC.PRICE.ID-OTH.A,4.66,5.18,--,--,--,--,--,--,--,--,--,--,--,--,--,--,--,--,--,--,--,--,--,--,--
Montana,cents per kilowatthour,ELEC.PRICE.MT-ALL.A,,,,,,,,,,,,,,,,,,,,,,,,,
Montana : all sectors,cents per kilowatthour,ELEC.PRICE.MT-ALL.A,6.48,5.7,6.14,6.4,6.72,6.91,7.13,7.72,7.58,7.84,8.23,8.25,8.58,8.59,8.9,8.84,8.92,8.84,9.02,9.13,9.5,9.97,10.97,10.83,10.9
Montana : residential,cents per kilowatthour,ELEC.PRICE.MT-RES.A,6.88,7.23,7.56,7.86,8.1,8.28,8.77,9.13,8.94,9.16,9.75,10.08,10.33,10.18,10.88,10.94,10.95,10.96,11.13,11.24,11.22,11.33,12.54,12.66,12.98
Montana : commercial,cents per kilowatthour,ELEC.PRICE.MT-COM.A,5.91,6.28,6.85,7.42,7.43,7.44,8.1,8.54,8.32,8.55,9.12,9.13,9.54,9.64,10.23,10.19,10.12,10.11,10.41,10.51,10.54,10.68,12.11,11.87,11.88
Montana : industrial,cents per kilowatthour,ELEC.PRICE.MT-IND.A,6.59,3.71,4.03,4.15,4.83,5.12,5.16,5.9,5.46,5.55,5.27,5.1,5.43,5.49,5.32,5.06,5.25,5.19,5.45,5.18,6.24,7.49,7.8,7.59,7.02
Montana : transportation,cents per kilowatthour,ELEC.PRICE.MT-TRA.A,--,--,--,--,--,--,--,--,--,--,--,--,--,--,--,--,--,--,--,--,--,--,--,--,--
Montana : other,cents per kilowatthour,ELEC.PRICE.MT-OTH.A,7.47,7.04,--,--,--,--,--,--,--,--,--,--,--,--,--,--,--,--,--,--,--,--,--,--,--
Nevada,cents per kilowatthour,ELEC.PRICE.NV-ALL.A,,,,,,,,,,,,,,,,,,,,,,,,,
Nevada : all sectors,cents per kilowatthour,ELEC.PRICE.NV-ALL.A,7.86,8.42,8.29,8.56,9.02,9.63,9.99,9.89,10.36,9.73,8.97,8.95,9.03,9.73,9.48,8.38,8.76,8.67,8.78,8.33,8.58,10.94,13.09,11.47,10.31
Nevada : residential,cents per kilowatthour,ELEC.PRICE.NV-RES.A,9.08,9.43,9.02,9.69,10.2,11.08,11.82,11.93,12.86,12.36,11.61,11.83,11.89,12.93,12.76,11.41,11.99,11.85,12,11.34,11.49,13.78,16.67,15,13.15
Nevada : commercial,cents per kilowatthour,ELEC.PRICE.NV-COM.A,8.45,9.06,8.79,9.08,9.48,10.12,10.09,10.07,10.64,9.79,9.05,8.83,9.01,9.47,9.25,7.93,7.96,7.74,8.04,7.45,7.77,10.14,11.91,10.19,9.36
Nevada : industrial,cents per kilowatthour,ELEC.PRICE.NV-IND.A,6.56,7.25,7.3,7.24,7.71,8.03,8.28,7.98,7.97,7.37,6.65,6.48,6.52,7.12,6.75,5.88,6.15,6.1,6.14,5.61,6.02,8.5,10.36,8.64,8.08
Nevada : transportation,cents per kilowatthour,ELEC.PRICE.NV-TRA.A,--,--,--,--,9.34,9.9,9.98,9.47,9.95,9.4,8.58,8.4,8.47,9.25,9.11,7.83,8.61,8.31,8.51,8.84,7.72,9.74,12.75,10.66,9.19
Nevada : other,cents per kilowatthour,ELEC.PRICE.NV-OTH.A,6.15,6.54,--,--,--,--,--,--,--,--,--,--,--,--,--,--,--,--,--,--,--,--,--,--,--
New Mexico,cents per kilowatthour,ELEC.PRICE.NM-ALL.A,,,,,,,,,,,,,,,,,,,,,,,,,
New Mexico : all sectors,cents per kilowatthour,ELEC.PRICE.NM-ALL.A,7.16,6.73,7,7.1,7.51,7.37,7.44,8.35,8.09,8.4,8.74,8.83,9.25,9.65,9.62,9.12,9.59,9.35,8.99,9.33,9.79,10.02,9.47,9.18,9.56
New Mexico : residential,cents per kilowatthour,ELEC.PRICE.NM-RES.A,8.74,8.5,8.69,8.67,9.13,9.06,9.12,10.01,10.02,10.52,11,11.37,11.68,12.28,12.47,12.03,12.88,12.68,12.51,12.94,13.52,13.84,13.85,14.2,15.08
New Mexico : commercial,cents per kilowatthour,ELEC.PRICE.NM-COM.A,7.5,7.22,7.36,7.39,7.81,7.61,7.66,8.67,8.4,8.57,9.07,9.32,9.74,10.27,10.3,9.75,10.19,10.02,9.79,10.28,10.8,11.07,10.68,10.54,11.23
New Mexico : industrial,cents per kilowatthour,ELEC.PRICE.NM-IND.A,5.45,4.48,4.95,5.22,5.61,5.57,5.6,6.38,5.72,6.01,6.06,5.83,6.36,6.61,6.33,5.84,6.15,5.84,5.48,5.58,6.16,6.56,5.75,5.43,5.9
New Mexico : transportation,cents per kilowatthour,ELEC.PRICE.NM-TRA.A,--,--,--,--,--,--,--,--,--,--,--,--,--,--,--,--,--,--,--,--,--,--,--,--,--
New Mexico : other,cents per kilowatthour,ELEC.PRICE.NM-OTH.A,6.37,6.23,--,--,--,--,--,--,--,--,--,--,--,--,--,--,--,--,--,--,--,--,--,--,--
Utah,cents per kilowatthour,ELEC.PRICE.UT-ALL.A,,,,,,,,,,,,,,,,,,,,,,,,,
Utah : all sectors,cents per kilowatthour,ELEC.PRICE.UT-ALL.A,5.21,5.39,5.41,5.69,5.92,5.99,6.41,6.49,6.77,6.94,7.13,7.84,8.15,8.35,8.54,8.72,8.6,8.21,8.24,8.27,8.34,8.8,9.03,9.97,10.67
Utah : residential,cents per kilowatthour,ELEC.PRICE.UT-RES.A,6.72,6.79,6.9,7.21,7.52,7.59,8.15,8.26,8.48,8.71,8.96,9.93,10.37,10.65,10.88,11.02,10.95,10.41,10.4,10.44,10.43,10.84,11.2,12.22,13.07
Utah : commercial,cents per kilowatthour,ELEC.PRICE.UT-COM.A,5.58,5.6,5.59,5.9,6.07,6.15,6.54,6.66,6.96,7.15,7.35,8.06,8.32,8.53,8.62,8.75,8.64,8.23,8.26,8.27,8.13,8.39,8.51,9.39,10.04
Utah : industrial,cents per kilowatthour,ELEC.PRICE.UT-IND.A,3.53,3.84,3.79,4.01,4.24,4.21,4.52,4.59,4.81,4.93,5.1,5.62,5.87,6.08,6.17,6.33,6.13,5.9,5.98,5.9,6.19,6.84,6.99,7.86,8.43
Utah : transportation,cents per kilowatthour,ELEC.PRICE.UT-TRA.A,--,--,6.01,6.57,7.2,7.19,7.44,7.85,8.31,8.69,9.24,9.79,10.68,10.34,10.05,9.76,10.26,10.59,10.62,10.69,11.21,12.38,12.28,12.07,12.64
Utah : other,cents per kilowatthour,ELEC.PRICE.UT-OTH.A,4.53,4.69,--,--,--,--,--,--,--,--,--,--,--,--,--,--,--,--,--,--,--,--,--,--,--
Wyoming,cents per kilowatthour,ELEC.PRICE.WY-ALL.A,,,,,,,,,,,,,,,,,,,,,,,,,
Wyoming : all sectors,cents per kilowatthour,ELEC.PRICE.WY-ALL.A,4.46,4.68,4.76,4.98,5.16,5.27,5.29,5.67,6.08,6.2,6.58,7.19,7.55,7.76,7.97,8.19,8.28,8.09,8.1,8.27,8.25,8.24,8.39,9.14,9.75
Wyoming : residential,cents per kilowatthour,ELEC.PRICE.WY-RES.A,6.77,6.97,7.04,7.21,7.48,7.75,7.75,8.21,8.58,8.77,9.11,9.85,10.16,10.5,10.97,11.13,11.37,11.29,11.18,11.11,11.17,11.09,11.46,12.47,13.38
Wyoming : commercial,cents per kilowatthour,ELEC.PRICE.WY-COM.A,5.41,5.71,5.74,5.98,6.17,6.28,6.25,6.71,7.28,7.42,7.72,8.24,8.57,8.88,9.12,9.4,9.7,9.58,9.64,9.65,9.68,9.55,8.94,9.27,9.54
Wyoming : industrial,cents per kilowatthour,ELEC.PRICE.WY-IND.A,3.43,3.55,3.65,3.91,3.99,4.04,4.1,4.47,4.83,4.98,5.41,6.03,6.42,6.61,6.76,6.92,6.92,6.71,6.73,6.88,6.83,6.89,7.06,7.96,8.66
Wyoming : transportation,cents per kilowatthour,ELEC.PRICE.WY-TRA.A,--,--,--,--,--,--,--,--,--,--,--,--,--,--,--,--,--,--,--,--,--,--,--,--,--
Wyoming : other,cents per kilowatthour,ELEC.PRICE.WY-OTH.A,5.07,5.93,--,--,--,--,--,--,--,--,--,--,--,--,--,--,--,--,--,--,--,--,--,--,--
Pacific Contiguous,cents per kilowatthour,ELEC.PRICE.PCC-ALL.A,,,,,,,,,,,,,,,,,,,,,,,,,
Pacific Contiguous : all sectors,cents per kilowatthour,ELEC.PRICE.PCC-ALL.A,9.26,10.11,9.83,9.55,9.74,10.62,10.71,10.57,11.04,10.92,11.01,11.38,11.94,12.55,12.82,12.75,13.28,13.66,13.79,14.63,15.7,17.46,19.15,20.79,21.22
Pacific Contiguous : residential,cents per kilowatthour,ELEC.PRICE.PCC-RES.A,9.68,10.27,10.11,10.11,10.36,11.62,11.82,11.55,12.15,12.31,12.43,12.94,13.51,13.64,14.28,14.59,15.08,15.56,15.65,16.67,18.01,19.72,22.02,24.23,24.74
Pacific Contiguous : commercial,cents per kilowatthour,ELEC.PRICE.PCC-COM.A,10.23,11.41,10.69,10.19,10.42,11.22,11.19,11.04,11.59,11.58,11.61,11.92,12.49,13.6,13.71,13.27,13.76,14.2,14.42,15.07,16.23,18.24,19.42,20.36,21.02
Pacific Contiguous : industrial,cents per kilowatthour,ELEC.PRICE.PCC-IND.A,7.64,7.97,7.75,7.35,7.47,7.85,7.89,7.97,8.01,7.47,7.62,7.78,8.61,9.08,9.03,8.94,9.36,9.64,9.67,10.3,10.81,12.22,13.38,15.38,15.25
Pacific Contiguous : transportation,cents per kilowatthour,ELEC.PRICE.PCC-TRA.A,--,--,5.85,6.42,6.55,6.3,8.33,8.12,8.3,8.23,8.13,7.21,8.54,8.91,8.99,9.78,8.71,8.67,8.98,10.03,11.47,13.15,12.67,16.1,16.4
Pacific Contiguous : other,cents per kilowatthour,ELEC.PRICE.PCC-OTH.A,7.55,6.23,--,--,--,--,--,--,--,--,--,--,--,--,--,--,--,--,--,--,--,--,--,--,--
California,cents per kilowatthour,ELEC.PRICE.CA-ALL.A,,,,,,,,,,,,,,,,,,,,,,,,,
California : all sectors,cents per kilowatthour,ELEC.PRICE.CA-ALL.A,11.22,12.19,11.78,11.35,11.63,12.82,12.8,12.49,13.24,13.01,13.05,13.53,14.3,15.15,15.42,15.23,16.06,16.58,16.89,18,19.65,22.33,24.87,27.04,27.63
California : residential,cents per kilowatthour,ELEC.PRICE.CA-RES.A,12.09,12.64,12.23,12.2,12.51,14.33,14.42,13.81,14.74,14.75,14.78,15.34,16.23,16.25,16.99,17.39,18.31,18.84,19.15,20.45,22.82,25.84,29.51,31.97,32.54
California : commercial,cents per kilowatthour,ELEC.PRICE.CA-COM.A,12.15,13.36,12.48,11.64,11.92,12.9,12.82,12.54,13.27,13.09,13.05,13.41,14.2,15.62,15.73,15.07,15.76,16.34,16.67,17.53,19.18,21.81,23.91,25.54,26.36
California : industrial,cents per kilowatthour,ELEC.PRICE.CA-IND.A,9.23,9.81,9.59,9.27,9.55,10.09,9.98,10.09,10.42,9.8,10.11,10.49,11.44,12.34,12.17,11.92,12.73,13.2,13.4,14.27,14.82,17.09,18.64,21.53,21.62
California : transportation,cents per kilowatthour,ELEC.PRICE.CA-TRA.A,--,--,5.8,6.42,6.55,6.29,8.37,8.16,8.35,8.27,8.14,7.17,8.54,8.9,8.99,9.8,8.68,8.64,8.91,10.07,11.79,13.76,13.01,16.79,17.08
California : other,cents per kilowatthour,ELEC.PRICE.CA-OTH.A,8.48,6.6,--,--,--,--,--,--,--,--,--,--,--,--,--,--,--,--,--,--,--,--,--,--,--
Oregon,cents per kilowatthour,ELEC.PRICE.OR-ALL.A,,,,,,,,,,,,,,,,,,,,,,,,,
Oregon : all sectors,cents per kilowatthour,ELEC.PRICE.OR-ALL.A,5.44,6.32,6.18,6.21,6.34,6.53,7.02,7.24,7.47,7.56,8.04,8.21,8.44,8.68,8.75,8.83,8.81,8.85,8.81,8.82,8.95,9.26,10.32,11.11,11.51
Oregon : residential,cents per kilowatthour,ELEC.PRICE.OR-RES.A,6.29,7.12,7.06,7.18,7.25,7.48,8.19,8.49,8.68,8.87,9.54,9.8,9.9,10.47,10.66,10.66,10.66,10.98,11.01,11.17,11.37,11.42,12.73,14.7,15.37
Oregon : commercial,cents per kilowatthour,ELEC.PRICE.OR-COM.A,5.45,6.59,6.38,6.45,6.51,6.77,7.2,7.29,7.5,7.59,8.15,8.31,8.68,8.75,8.8,8.91,8.86,8.91,8.85,9,9.1,9.35,9.92,10.11,10.56
Oregon : industrial,cents per kilowatthour,ELEC.PRICE.OR-IND.A,4.21,4.72,4.63,4.43,4.83,4.85,5.06,5.26,5.4,5.4,5.47,5.59,5.8,5.97,5.97,6.05,5.98,5.86,5.86,5.7,5.97,6.81,7.52,8.05,8.28
Oregon : transportation,cents per kilowatthour,ELEC.PRICE.OR-TRA.A,--,--,6.68,6.5,6.36,6.4,6.71,6.75,6.83,6.99,7.89,8.24,8.88,9.21,9.14,9.26,9.35,9.16,9.14,9.46,9.71,10.45,11.41,12.54,13.72
Oregon : other,cents per kilowatthour,ELEC.PRICE.OR-OTH.A,7.33,9.44,--,--,--,--,--,--,--,--,--,--,--,--,--,--,--,--,--,--,--,--,--,--,--
Washington,cents per kilowatthour,ELEC.PRICE.WA-ALL.A,,,,,,,,,,,,,,,,,,,,,,,,,
Washington : all sectors,cents per kilowatthour,ELEC.PRICE.WA-ALL.A,5.34,5.88,5.86,5.8,5.87,6.14,6.37,6.55,6.59,6.66,6.78,6.94,7.09,7.13,7.4,7.68,7.94,8,8.04,8.33,8.75,9.05,9.58,10.13,11.06
Washington : residential,cents per kilowatthour,ELEC.PRICE.WA-RES.A,5.7,6.29,6.31,6.37,6.54,6.82,7.26,7.54,7.67,8.04,8.28,8.53,8.7,8.67,9.09,9.48,9.66,9.75,9.71,9.87,10.11,10.26,10.98,11.9,13.11
Washington : commercial,cents per kilowatthour,ELEC.PRICE.WA-COM.A,5.45,6.11,6.07,6.17,6.33,6.63,6.55,6.77,6.97,7.37,7.49,7.68,7.78,7.97,8.22,8.43,8.57,8.72,8.75,8.92,9.14,9.49,9.92,9.99,10.95
Washington : industrial,cents per kilowatthour,ELEC.PRICE.WA-IND.A,4.75,4.88,4.76,4.28,4.27,4.44,4.57,4.52,4.4,4.08,4.09,4.13,4.23,4.32,4.35,4.43,4.6,4.71,4.8,5.08,5.81,6.17,6.35,6.61,6.88
Washington : transportation,cents per kilowatthour,ELEC.PRICE.WA-TRA.A,--,--,6.45,6.44,6.44,5.93,5.74,5.82,5.91,7.42,8.54,8.06,8.04,8.48,8.18,8.89,9.18,9.39,9.45,9.93,9.89,10.05,10.17,11.64,12.27
Washington : other,cents per kilowatthour,ELEC.PRICE.WA-OTH.A,4.69,4.94,--,--,--,--,--,--,--,--,--,--,--,--,--,--,--,--,--,--,--,--,--,--,--
Pacific Noncontiguous,cents per kilowatthour,ELEC.PRICE.PCN-ALL.A,,,,,,,,,,,,,,,,,,,,,,,,,
Pacific Noncontiguous : all sectors,cents per kilowatthour,ELEC.PRICE.PCN-ALL.A,12.79,12.35,13.09,14.05,15.96,17.82,18.29,23.73,18.87,21.14,25.57,26.96,26.59,27.13,22.8,21.53,23.28,25.35,25.48,24.44,26.19,32.14,31.67,31.62,30.64
Pacific Noncontiguous : residential,cents per kilowatthour,ELEC.PRICE.PCN-RES.A,14.64,14.2,14.85,15.84,17.78,19.94,20.56,25.99,21.31,23.22,27.49,28.76,28.56,29.13,25.34,24.36,25.89,28.03,28.3,27.02,28.85,34.51,34.4,34.95,34.4
Pacific Noncontiguous : commercial,cents per kilowatthour,ELEC.PRICE.PCN-COM.A,12.9,12.46,13.15,14.02,15.76,17.18,17.58,22.5,18.48,20.45,24.45,25.5,25.49,26.29,22.51,21.33,23.09,24.62,24.86,24.13,25.48,30.61,30.28,30.22,29.55
Pacific Noncontiguous : industrial,cents per kilowatthour,ELEC.PRICE.PCN-IND.A,10.78,10.26,11.23,12.23,14.31,16.41,16.86,22.95,16.83,19.88,25.02,26.99,26.08,26.3,20.77,19.21,21.06,23.64,23.5,22.01,24.19,31.5,30.55,29.93,28.22
Pacific Noncontiguous : transportation,cents per kilowatthour,ELEC.PRICE.PCN-TRA.A,--,--,--,--,--,--,--,--,--,--,--,--,--,--,--,--,--,--,--,--,--,--,--,--,--
Pacific Noncontiguous : other,cents per kilowatthour,ELEC.PRICE.PCN-OTH.A,14.97,14.63,--,--,--,--,--,--,--,--,--,--,--,--,--,--,--,--,--,--,--,--,--,--,--
Alaska,cents per kilowatthour,ELEC.PRICE.AK-ALL.A,,,,,,,,,,,,,,,,,,,,,,,,,
Alaska : all sectors,cents per kilowatthour,ELEC.PRICE.AK-ALL.A,10.54,10.46,10.5,10.99,11.72,12.84,13.28,14.74,15.09,14.76,16.08,16.33,16.49,17.46,17.59,17.93,19.1,19.36,20.22,19.82,20.02,20.73,21.41,22.17,23.05
Alaska : residential,cents per kilowatthour,ELEC.PRICE.AK-RES.A,12.12,12.05,11.98,12.44,13.3,14.83,15.18,16.56,17.14,16.26,17.62,17.88,18.12,19.14,19.83,20.3,21.27,21.94,22.92,22.57,22.55,23.1,23.9,24.82,26.09
Alaska : commercial,cents per kilowatthour,ELEC.PRICE.AK-COM.A,10.29,10.13,10.49,10.99,11.56,11.93,12.19,13.64,14.46,13.95,15.1,14.93,15.58,17.09,17.44,17.56,18.89,18.58,19.8,19.58,19.61,20.06,20.87,21.57,22.32
Alaska : industrial,cents per kilowatthour,ELEC.PRICE.AK-IND.A,7.61,7.65,7.86,8.33,9.29,11.54,12.63,14.17,13.15,14.14,15.71,16.82,15.83,15.66,14.53,15.22,16.34,17.1,16.94,15.88,16.85,18.43,18.7,19.31,20.03
Alaska : transportation,cents per kilowatthour,ELEC.PRICE.AK-TRA.A,--,--,--,--,--,--,--,--,--,--,--,--,--,--,--,--,--,--,--,--,--,--,--,--,--
Alaska : other,cents per kilowatthour,ELEC.PRICE.AK-OTH.A,14.37,14.04,--,--,--,--,--,--,--,--,--,--,--,--,--,--,--,--,--,--,--,--,--,--,--
Hawaii,cents per kilowatthour,ELEC.PRICE.HI-ALL.A,,,,,,,,,,,,,,,,,,,,,,,,,
Hawaii : all sectors,cents per kilowatthour,ELEC.PRICE.HI-ALL.A,14.05,13.39,14.47,15.7,18.33,20.72,21.29,29.2,21.21,25.12,31.59,34.04,33.26,33.43,26.17,23.87,26.05,29.18,28.72,27.55,30.31,39.72,38.6,38,35.72
Hawaii : residential,cents per kilowatthour,ELEC.PRICE.HI-RES.A,16.34,15.63,16.73,18.06,20.7,23.35,24.12,32.5,24.2,28.1,34.68,37.34,36.98,37.04,29.6,27.47,29.5,32.47,32.06,30.28,33.49,43.03,42.39,42.86,40.59
Hawaii : commercial,cents per kilowatthour,ELEC.PRICE.HI-COM.A,14.81,14.11,15.02,16.19,19.04,21.42,21.91,29.72,21.86,25.93,32.37,34.88,34.05,34.21,26.93,24.64,26.77,29.9,29.23,28.41,30.88,40.18,39.03,38.18,36.37
Hawaii : industrial,cents per kilowatthour,ELEC.PRICE.HI-IND.A,11.68,11.02,12.2,13.35,15.79,17.96,18.38,26.05,18.14,21.94,28.4,30.82,29.87,30.22,23.06,20.69,22.92,26.1,25.76,24.45,27.12,36.71,35.28,34.13,31.46
Hawaii : transportation,cents per kilowatthour,ELEC.PRICE.HI-TRA.A,--,--,--,--,--,--,--,--,--,--,--,--,--,--,--,--,--,--,--,--,--,--,--,--,--
Hawaii : other,cents per kilowatthour,ELEC.PRICE.HI-OTH.A,16.81,16.85,--,--,--,--,--,--,--,--,--,--,--,--,--,--,--,--,--,--,--,--,--,--,--
